experiment=npi_scope-npi=any-aux=weren't-licensor_embedded=0-npi_embedded=0-licensor_precede=1	1		many boys that aren't discussing many guests weren't working with any waitresses.
experiment=npi_scope-npi=any-aux=weren't-licensor_embedded=0-npi_embedded=1-licensor_precede=0	0		many boys that aren't discussing a guests weren't working with many waitresses.
experiment=npi_scope-npi=any-aux=aren't-licensor_embedded=1-npi_embedded=0-licensor_precede=1	0		many boys that aren't discussing many guests aren't working with any waitresses.
experiment=npi_scope-npi=any-aux=aren't-licensor_embedded=1-npi_embedded=1-licensor_precede=1	1		many boys that aren't discussing any guests aren't working with many waitresses.
experiment=npi_scope-npi=any-aux=hadn't-licensor_embedded=0-npi_embedded=0-licensor_precede=1	1		a girl who isn't attacking the pedestrians hadn't criticized any girls.
experiment=npi_scope-npi=any-aux=hadn't-licensor_embedded=0-npi_embedded=1-licensor_precede=0	0		a girl who isn't attacking a pedestrians hadn't criticized girls.
experiment=npi_scope-npi=any-aux=wasn't-licensor_embedded=1-npi_embedded=0-licensor_precede=1	0		a girl who wasn't attacking the pedestrians hasn't criticized any girls.
experiment=npi_scope-npi=any-aux=wasn't-licensor_embedded=1-npi_embedded=1-licensor_precede=1	1		a girl who wasn't attacking any pedestrians hasn't criticized girls.
experiment=npi_scope-npi=any-aux=can't-licensor_embedded=0-npi_embedded=0-licensor_precede=1	1		many customers that shouldn't buy cars can't discuss any pedestrians.
experiment=npi_scope-npi=any-aux=can't-licensor_embedded=0-npi_embedded=1-licensor_precede=0	0		many customers that shouldn't buy a cars can't discuss pedestrians.
experiment=npi_scope-npi=any-aux=wouldn't-licensor_embedded=1-npi_embedded=0-licensor_precede=1	0		many customers that wouldn't buy cars wouldn't discuss any pedestrians.
experiment=npi_scope-npi=any-aux=wouldn't-licensor_embedded=1-npi_embedded=1-licensor_precede=1	1		many customers that wouldn't buy any cars wouldn't discuss pedestrians.
experiment=npi_scope-npi=any-aux=aren't-licensor_embedded=0-npi_embedded=0-licensor_precede=1	1		the ladies who wouldn't have the chairs aren't praising any girls.
experiment=npi_scope-npi=any-aux=aren't-licensor_embedded=0-npi_embedded=1-licensor_precede=0	0		the ladies who wouldn't have a chairs aren't praising many girls.
experiment=npi_scope-npi=any-aux=wouldn't-licensor_embedded=1-npi_embedded=0-licensor_precede=1	0		the ladies who wouldn't have the chairs aren't praising any girls.
experiment=npi_scope-npi=any-aux=wouldn't-licensor_embedded=1-npi_embedded=1-licensor_precede=1	1		the ladies who wouldn't have any chairs aren't praising many girls.
experiment=npi_scope-npi=any-aux=hadn't-licensor_embedded=0-npi_embedded=0-licensor_precede=1	1		some drivers who aren't attacking the women hadn't lifted any cars.
experiment=npi_scope-npi=any-aux=hadn't-licensor_embedded=0-npi_embedded=1-licensor_precede=0	0		some drivers who aren't attacking a women hadn't lifted some cars.
experiment=npi_scope-npi=any-aux=weren't-licensor_embedded=1-npi_embedded=0-licensor_precede=1	0		some drivers who weren't attacking the women haven't lifted any cars.
experiment=npi_scope-npi=any-aux=weren't-licensor_embedded=1-npi_embedded=1-licensor_precede=1	1		some drivers who weren't attacking any women haven't lifted some cars.
experiment=npi_scope-npi=any-aux=wouldn't-licensor_embedded=0-npi_embedded=0-licensor_precede=1	1		a lot of adults who shouldn't insult a lot of women wouldn't respect any actors.
experiment=npi_scope-npi=any-aux=wouldn't-licensor_embedded=0-npi_embedded=1-licensor_precede=0	0		a lot of adults who shouldn't insult a women wouldn't respect some actors.
experiment=npi_scope-npi=any-aux=don't-licensor_embedded=1-npi_embedded=0-licensor_precede=1	0		a lot of adults who don't insult a lot of women can't respect any actors.
experiment=npi_scope-npi=any-aux=don't-licensor_embedded=1-npi_embedded=1-licensor_precede=1	1		a lot of adults who don't insult any women can't respect some actors.
experiment=npi_scope-npi=any-aux=isn't-licensor_embedded=0-npi_embedded=0-licensor_precede=1	1		some teacher that wouldn't see a lot of shoes isn't selling any glasses.
experiment=npi_scope-npi=any-aux=isn't-licensor_embedded=0-npi_embedded=1-licensor_precede=0	0		some teacher that wouldn't see a shoes isn't selling a lot of glasses.
experiment=npi_scope-npi=any-aux=didn't-licensor_embedded=1-npi_embedded=0-licensor_precede=1	0		some teacher that didn't see a lot of shoes isn't selling any glasses.
experiment=npi_scope-npi=any-aux=didn't-licensor_embedded=1-npi_embedded=1-licensor_precede=1	1		some teacher that didn't see any shoes isn't selling a lot of glasses.
experiment=npi_scope-npi=any-aux=didn't-licensor_embedded=0-npi_embedded=0-licensor_precede=1	1		some plays that shouldn't discuss a lot of kids didn't like any adults.
experiment=npi_scope-npi=any-aux=didn't-licensor_embedded=0-npi_embedded=1-licensor_precede=0	0		some plays that shouldn't discuss a kids didn't like a lot of adults.
experiment=npi_scope-npi=any-aux=didn't-licensor_embedded=1-npi_embedded=0-licensor_precede=1	0		some plays that didn't discuss a lot of kids couldn't like any adults.
experiment=npi_scope-npi=any-aux=didn't-licensor_embedded=1-npi_embedded=1-licensor_precede=1	1		some plays that didn't discuss any kids couldn't like a lot of adults.
experiment=npi_scope-npi=any-aux=weren't-licensor_embedded=0-npi_embedded=0-licensor_precede=1	1		doctors who aren't hugging many customers weren't describing any articles.
experiment=npi_scope-npi=any-aux=weren't-licensor_embedded=0-npi_embedded=1-licensor_precede=0	0		doctors who aren't hugging a customers weren't describing some articles.
experiment=npi_scope-npi=any-aux=aren't-licensor_embedded=1-npi_embedded=0-licensor_precede=1	0		doctors who aren't hugging many customers aren't describing any articles.
experiment=npi_scope-npi=any-aux=aren't-licensor_embedded=1-npi_embedded=1-licensor_precede=1	1		doctors who aren't hugging any customers aren't describing some articles.
experiment=npi_scope-npi=any-aux=won't-licensor_embedded=0-npi_embedded=0-licensor_precede=1	1		some actor who hadn't hugged some teachers won't break any cups.
experiment=npi_scope-npi=any-aux=won't-licensor_embedded=0-npi_embedded=1-licensor_precede=0	0		some actor who hadn't hugged a teachers won't break some cups.
experiment=npi_scope-npi=any-aux=hasn't-licensor_embedded=1-npi_embedded=0-licensor_precede=1	0		some actor who hasn't hugged some teachers wouldn't break any cups.
experiment=npi_scope-npi=any-aux=hasn't-licensor_embedded=1-npi_embedded=1-licensor_precede=1	1		some actor who hasn't hugged any teachers wouldn't break some cups.
experiment=npi_scope-npi=any-aux=weren't-licensor_embedded=0-npi_embedded=0-licensor_precede=1	1		some children who don't resemble many cars weren't listening to any gals.
experiment=npi_scope-npi=any-aux=weren't-licensor_embedded=0-npi_embedded=1-licensor_precede=0	0		some children who don't resemble a cars weren't listening to the gals.
experiment=npi_scope-npi=any-aux=shouldn't-licensor_embedded=1-npi_embedded=0-licensor_precede=1	0		some children who shouldn't resemble many cars aren't listening to any gals.
experiment=npi_scope-npi=any-aux=shouldn't-licensor_embedded=1-npi_embedded=1-licensor_precede=1	1		some children who shouldn't resemble any cars aren't listening to the gals.
experiment=npi_scope-npi=any-aux=couldn't-licensor_embedded=0-npi_embedded=0-licensor_precede=1	1		some guests who hadn't remembered waitresses couldn't break any forks.
experiment=npi_scope-npi=any-aux=couldn't-licensor_embedded=0-npi_embedded=1-licensor_precede=0	0		some guests who hadn't remembered a waitresses couldn't break the forks.
experiment=npi_scope-npi=any-aux=hadn't-licensor_embedded=1-npi_embedded=0-licensor_precede=1	0		some guests who hadn't remembered waitresses didn't break any forks.
experiment=npi_scope-npi=any-aux=hadn't-licensor_embedded=1-npi_embedded=1-licensor_precede=1	1		some guests who hadn't remembered any waitresses didn't break the forks.
experiment=npi_scope-npi=any-aux=hadn't-licensor_embedded=0-npi_embedded=0-licensor_precede=1	1		a lot of waitresses who weren't hugging some actors hadn't talked about any articles.
experiment=npi_scope-npi=any-aux=hadn't-licensor_embedded=0-npi_embedded=1-licensor_precede=0	0		a lot of waitresses who weren't hugging a actors hadn't talked about many articles.
experiment=npi_scope-npi=any-aux=weren't-licensor_embedded=1-npi_embedded=0-licensor_precede=1	0		a lot of waitresses who weren't hugging some actors haven't talked about any articles.
experiment=npi_scope-npi=any-aux=weren't-licensor_embedded=1-npi_embedded=1-licensor_precede=1	1		a lot of waitresses who weren't hugging any actors haven't talked about many articles.
experiment=npi_scope-npi=any-aux=weren't-licensor_embedded=0-npi_embedded=0-licensor_precede=1	1		a lot of students who weren't criticizing many plays weren't hugging any waiters.
experiment=npi_scope-npi=any-aux=weren't-licensor_embedded=0-npi_embedded=1-licensor_precede=0	0		a lot of students who weren't criticizing a plays weren't hugging the waiters.
experiment=npi_scope-npi=any-aux=weren't-licensor_embedded=1-npi_embedded=0-licensor_precede=1	0		a lot of students who weren't criticizing many plays weren't hugging any waiters.
experiment=npi_scope-npi=any-aux=weren't-licensor_embedded=1-npi_embedded=1-licensor_precede=1	1		a lot of students who weren't criticizing any plays weren't hugging the waiters.
experiment=npi_scope-npi=any-aux=haven't-licensor_embedded=0-npi_embedded=0-licensor_precede=1	1		many waitresses that weren't talking about guys haven't talked about any girls.
experiment=npi_scope-npi=any-aux=haven't-licensor_embedded=0-npi_embedded=1-licensor_precede=0	0		many waitresses that weren't talking about a guys haven't talked about girls.
experiment=npi_scope-npi=any-aux=weren't-licensor_embedded=1-npi_embedded=0-licensor_precede=1	0		many waitresses that weren't talking about guys hadn't talked about any girls.
experiment=npi_scope-npi=any-aux=weren't-licensor_embedded=1-npi_embedded=1-licensor_precede=1	1		many waitresses that weren't talking about any guys hadn't talked about girls.
experiment=npi_scope-npi=any-aux=shouldn't-licensor_embedded=0-npi_embedded=0-licensor_precede=1	1		some woman who won't visit some women shouldn't help any teachers.
experiment=npi_scope-npi=any-aux=shouldn't-licensor_embedded=0-npi_embedded=1-licensor_precede=0	0		some woman who won't visit a women shouldn't help teachers.
experiment=npi_scope-npi=any-aux=wouldn't-licensor_embedded=1-npi_embedded=0-licensor_precede=1	0		some woman who wouldn't visit some women can't help any teachers.
experiment=npi_scope-npi=any-aux=wouldn't-licensor_embedded=1-npi_embedded=1-licensor_precede=1	1		some woman who wouldn't visit any women can't help teachers.
experiment=npi_scope-npi=any-aux=can't-licensor_embedded=0-npi_embedded=0-licensor_precede=1	1		a lot of pedestrians who wouldn't take shoes can't care for any dudes.
experiment=npi_scope-npi=any-aux=can't-licensor_embedded=0-npi_embedded=1-licensor_precede=0	0		a lot of pedestrians who wouldn't take a shoes can't care for some dudes.
experiment=npi_scope-npi=any-aux=wouldn't-licensor_embedded=1-npi_embedded=0-licensor_precede=1	0		a lot of pedestrians who wouldn't take shoes wouldn't care for any dudes.
experiment=npi_scope-npi=any-aux=wouldn't-licensor_embedded=1-npi_embedded=1-licensor_precede=1	1		a lot of pedestrians who wouldn't take any shoes wouldn't care for some dudes.
experiment=npi_scope-npi=any-aux=couldn't-licensor_embedded=0-npi_embedded=0-licensor_precede=1	1		an actor who hasn't forgotten the actresses couldn't know any teachers.
experiment=npi_scope-npi=any-aux=couldn't-licensor_embedded=0-npi_embedded=1-licensor_precede=0	0		an actor who hasn't forgotten a actresses couldn't know some teachers.
experiment=npi_scope-npi=any-aux=hadn't-licensor_embedded=1-npi_embedded=0-licensor_precede=1	0		an actor who hadn't forgotten the actresses didn't know any teachers.
experiment=npi_scope-npi=any-aux=hadn't-licensor_embedded=1-npi_embedded=1-licensor_precede=1	1		an actor who hadn't forgotten any actresses didn't know some teachers.
experiment=npi_scope-npi=any-aux=shouldn't-licensor_embedded=0-npi_embedded=0-licensor_precede=1	1		the girl who wasn't buying cars shouldn't know any women.
experiment=npi_scope-npi=any-aux=shouldn't-licensor_embedded=0-npi_embedded=1-licensor_precede=0	0		the girl who wasn't buying a cars shouldn't know a lot of women.
experiment=npi_scope-npi=any-aux=wasn't-licensor_embedded=1-npi_embedded=0-licensor_precede=1	0		the girl who wasn't buying cars doesn't know any women.
experiment=npi_scope-npi=any-aux=wasn't-licensor_embedded=1-npi_embedded=1-licensor_precede=1	1		the girl who wasn't buying any cars doesn't know a lot of women.
experiment=npi_scope-npi=any-aux=couldn't-licensor_embedded=0-npi_embedded=0-licensor_precede=1	1		a cashier who didn't listen to actresses couldn't criticize any girls.
experiment=npi_scope-npi=any-aux=couldn't-licensor_embedded=0-npi_embedded=1-licensor_precede=0	0		a cashier who didn't listen to a actresses couldn't criticize girls.
experiment=npi_scope-npi=any-aux=won't-licensor_embedded=1-npi_embedded=0-licensor_precede=1	0		a cashier who won't listen to actresses didn't criticize any girls.
experiment=npi_scope-npi=any-aux=won't-licensor_embedded=1-npi_embedded=1-licensor_precede=1	1		a cashier who won't listen to any actresses didn't criticize girls.
experiment=npi_scope-npi=any-aux=didn't-licensor_embedded=0-npi_embedded=0-licensor_precede=1	1		a driver who couldn't praise some gals didn't visit any actors.
experiment=npi_scope-npi=any-aux=didn't-licensor_embedded=0-npi_embedded=1-licensor_precede=0	0		a driver who couldn't praise a gals didn't visit some actors.
experiment=npi_scope-npi=any-aux=couldn't-licensor_embedded=1-npi_embedded=0-licensor_precede=1	0		a driver who couldn't praise some gals shouldn't visit any actors.
experiment=npi_scope-npi=any-aux=couldn't-licensor_embedded=1-npi_embedded=1-licensor_precede=1	1		a driver who couldn't praise any gals shouldn't visit some actors.
experiment=npi_scope-npi=any-aux=hasn't-licensor_embedded=0-npi_embedded=0-licensor_precede=1	1		some driver who hasn't attacked some kids hasn't insulted any patients.
experiment=npi_scope-npi=any-aux=hasn't-licensor_embedded=0-npi_embedded=1-licensor_precede=0	0		some driver who hasn't attacked a kids hasn't insulted the patients.
experiment=npi_scope-npi=any-aux=hadn't-licensor_embedded=1-npi_embedded=0-licensor_precede=1	0		some driver who hadn't attacked some kids hasn't insulted any patients.
experiment=npi_scope-npi=any-aux=hadn't-licensor_embedded=1-npi_embedded=1-licensor_precede=1	1		some driver who hadn't attacked any kids hasn't insulted the patients.
experiment=npi_scope-npi=any-aux=didn't-licensor_embedded=0-npi_embedded=0-licensor_precede=1	1		the child that wasn't visiting the kids didn't see any kids.
experiment=npi_scope-npi=any-aux=didn't-licensor_embedded=0-npi_embedded=1-licensor_precede=0	0		the child that wasn't visiting a kids didn't see a lot of kids.
experiment=npi_scope-npi=any-aux=isn't-licensor_embedded=1-npi_embedded=0-licensor_precede=1	0		the child that isn't visiting the kids won't see any kids.
experiment=npi_scope-npi=any-aux=isn't-licensor_embedded=1-npi_embedded=1-licensor_precede=1	1		the child that isn't visiting any kids won't see a lot of kids.
experiment=npi_scope-npi=any-aux=hadn't-licensor_embedded=0-npi_embedded=0-licensor_precede=1	1		the teachers who don't help some adults hadn't described any kids.
experiment=npi_scope-npi=any-aux=hadn't-licensor_embedded=0-npi_embedded=1-licensor_precede=0	0		the teachers who don't help a adults hadn't described kids.
experiment=npi_scope-npi=any-aux=wouldn't-licensor_embedded=1-npi_embedded=0-licensor_precede=1	0		the teachers who wouldn't help some adults hadn't described any kids.
experiment=npi_scope-npi=any-aux=wouldn't-licensor_embedded=1-npi_embedded=1-licensor_precede=1	1		the teachers who wouldn't help any adults hadn't described kids.
experiment=npi_scope-npi=any-aux=hasn't-licensor_embedded=0-npi_embedded=0-licensor_precede=1	1		the child who won't buy some articles hasn't cared for any doctors.
experiment=npi_scope-npi=any-aux=hasn't-licensor_embedded=0-npi_embedded=1-licensor_precede=0	0		the child who won't buy a articles hasn't cared for the doctors.
experiment=npi_scope-npi=any-aux=couldn't-licensor_embedded=1-npi_embedded=0-licensor_precede=1	0		the child who couldn't buy some articles hasn't cared for any doctors.
experiment=npi_scope-npi=any-aux=couldn't-licensor_embedded=1-npi_embedded=1-licensor_precede=1	1		the child who couldn't buy any articles hasn't cared for the doctors.
experiment=npi_scope-npi=any-aux=shouldn't-licensor_embedded=0-npi_embedded=0-licensor_precede=1	1		the customer that wouldn't help the adults shouldn't resemble any stories.
experiment=npi_scope-npi=any-aux=shouldn't-licensor_embedded=0-npi_embedded=1-licensor_precede=0	0		the customer that wouldn't help a adults shouldn't resemble some stories.
experiment=npi_scope-npi=any-aux=won't-licensor_embedded=1-npi_embedded=0-licensor_precede=1	0		the customer that won't help the adults won't resemble any stories.
experiment=npi_scope-npi=any-aux=won't-licensor_embedded=1-npi_embedded=1-licensor_precede=1	1		the customer that won't help any adults won't resemble some stories.
experiment=npi_scope-npi=any-aux=hasn't-licensor_embedded=0-npi_embedded=0-licensor_precede=1	1		the human that wouldn't hate some guys hasn't sold any plates.
experiment=npi_scope-npi=any-aux=hasn't-licensor_embedded=0-npi_embedded=1-licensor_precede=0	0		the human that wouldn't hate a guys hasn't sold some plates.
experiment=npi_scope-npi=any-aux=doesn't-licensor_embedded=1-npi_embedded=0-licensor_precede=1	0		the human that doesn't hate some guys hadn't sold any plates.
experiment=npi_scope-npi=any-aux=doesn't-licensor_embedded=1-npi_embedded=1-licensor_precede=1	1		the human that doesn't hate any guys hadn't sold some plates.
experiment=npi_scope-npi=any-aux=wouldn't-licensor_embedded=0-npi_embedded=0-licensor_precede=1	1		a lot of waiters who shouldn't buy a lot of chairs wouldn't work with any humans.
experiment=npi_scope-npi=any-aux=wouldn't-licensor_embedded=0-npi_embedded=1-licensor_precede=0	0		a lot of waiters who shouldn't buy a chairs wouldn't work with many humans.
experiment=npi_scope-npi=any-aux=didn't-licensor_embedded=1-npi_embedded=0-licensor_precede=1	0		a lot of waiters who didn't buy a lot of chairs couldn't work with any humans.
experiment=npi_scope-npi=any-aux=didn't-licensor_embedded=1-npi_embedded=1-licensor_precede=1	1		a lot of waiters who didn't buy any chairs couldn't work with many humans.
experiment=npi_scope-npi=any-aux=can't-licensor_embedded=0-npi_embedded=0-licensor_precede=1	1		some patients who can't listen to the students can't clean any cups.
experiment=npi_scope-npi=any-aux=can't-licensor_embedded=0-npi_embedded=1-licensor_precede=0	0		some patients who can't listen to a students can't clean cups.
experiment=npi_scope-npi=any-aux=couldn't-licensor_embedded=1-npi_embedded=0-licensor_precede=1	0		some patients who couldn't listen to the students can't clean any cups.
experiment=npi_scope-npi=any-aux=couldn't-licensor_embedded=1-npi_embedded=1-licensor_precede=1	1		some patients who couldn't listen to any students can't clean cups.
experiment=npi_scope-npi=any-aux=hasn't-licensor_embedded=0-npi_embedded=0-licensor_precede=1	1		a child that wasn't breaking some dishes hasn't cared for any patients.
experiment=npi_scope-npi=any-aux=hasn't-licensor_embedded=0-npi_embedded=1-licensor_precede=0	0		a child that wasn't breaking a dishes hasn't cared for the patients.
experiment=npi_scope-npi=any-aux=wasn't-licensor_embedded=1-npi_embedded=0-licensor_precede=1	0		a child that wasn't breaking some dishes hadn't cared for any patients.
experiment=npi_scope-npi=any-aux=wasn't-licensor_embedded=1-npi_embedded=1-licensor_precede=1	1		a child that wasn't breaking any dishes hadn't cared for the patients.
experiment=npi_scope-npi=any-aux=wasn't-licensor_embedded=0-npi_embedded=0-licensor_precede=1	1		an actor that doesn't break the cars wasn't breaking any books.
experiment=npi_scope-npi=any-aux=wasn't-licensor_embedded=0-npi_embedded=1-licensor_precede=0	0		an actor that doesn't break a cars wasn't breaking books.
experiment=npi_scope-npi=any-aux=won't-licensor_embedded=1-npi_embedded=0-licensor_precede=1	0		an actor that won't break the cars isn't breaking any books.
experiment=npi_scope-npi=any-aux=won't-licensor_embedded=1-npi_embedded=1-licensor_precede=1	1		an actor that won't break any cars isn't breaking books.
experiment=npi_scope-npi=any-aux=hadn't-licensor_embedded=0-npi_embedded=0-licensor_precede=1	1		the boys that weren't admiring forks hadn't respected any doctors.
experiment=npi_scope-npi=any-aux=hadn't-licensor_embedded=0-npi_embedded=1-licensor_precede=0	0		the boys that weren't admiring a forks hadn't respected a lot of doctors.
experiment=npi_scope-npi=any-aux=weren't-licensor_embedded=1-npi_embedded=0-licensor_precede=1	0		the boys that weren't admiring forks haven't respected any doctors.
experiment=npi_scope-npi=any-aux=weren't-licensor_embedded=1-npi_embedded=1-licensor_precede=1	1		the boys that weren't admiring any forks haven't respected a lot of doctors.
experiment=npi_scope-npi=any-aux=couldn't-licensor_embedded=0-npi_embedded=0-licensor_precede=1	1		some dude that hadn't broken some plates couldn't sell any glasses.
experiment=npi_scope-npi=any-aux=couldn't-licensor_embedded=0-npi_embedded=1-licensor_precede=0	0		some dude that hadn't broken a plates couldn't sell glasses.
experiment=npi_scope-npi=any-aux=hasn't-licensor_embedded=1-npi_embedded=0-licensor_precede=1	0		some dude that hasn't broken some plates can't sell any glasses.
experiment=npi_scope-npi=any-aux=hasn't-licensor_embedded=1-npi_embedded=1-licensor_precede=1	1		some dude that hasn't broken any plates can't sell glasses.
experiment=npi_scope-npi=any-aux=weren't-licensor_embedded=0-npi_embedded=0-licensor_precede=1	1		cashiers who haven't forgotten a lot of ladies weren't talking to any guys.
experiment=npi_scope-npi=any-aux=weren't-licensor_embedded=0-npi_embedded=1-licensor_precede=0	0		cashiers who haven't forgotten a ladies weren't talking to many guys.
experiment=npi_scope-npi=any-aux=haven't-licensor_embedded=1-npi_embedded=0-licensor_precede=1	0		cashiers who haven't forgotten a lot of ladies weren't talking to any guys.
experiment=npi_scope-npi=any-aux=haven't-licensor_embedded=1-npi_embedded=1-licensor_precede=1	1		cashiers who haven't forgotten any ladies weren't talking to many guys.
experiment=npi_scope-npi=any-aux=can't-licensor_embedded=0-npi_embedded=0-licensor_precede=1	1		guests who hadn't referenced a lot of girls can't visit any guys.
experiment=npi_scope-npi=any-aux=can't-licensor_embedded=0-npi_embedded=1-licensor_precede=0	0		guests who hadn't referenced a girls can't visit a lot of guys.
experiment=npi_scope-npi=any-aux=hadn't-licensor_embedded=1-npi_embedded=0-licensor_precede=1	0		guests who hadn't referenced a lot of girls won't visit any guys.
experiment=npi_scope-npi=any-aux=hadn't-licensor_embedded=1-npi_embedded=1-licensor_precede=1	1		guests who hadn't referenced any girls won't visit a lot of guys.
experiment=npi_scope-npi=any-aux=don't-licensor_embedded=0-npi_embedded=0-licensor_precede=1	1		many doctors who couldn't forget guests don't like any books.
experiment=npi_scope-npi=any-aux=don't-licensor_embedded=0-npi_embedded=1-licensor_precede=0	0		many doctors who couldn't forget a guests don't like many books.
experiment=npi_scope-npi=any-aux=wouldn't-licensor_embedded=1-npi_embedded=0-licensor_precede=1	0		many doctors who wouldn't forget guests don't like any books.
experiment=npi_scope-npi=any-aux=wouldn't-licensor_embedded=1-npi_embedded=1-licensor_precede=1	1		many doctors who wouldn't forget any guests don't like many books.
experiment=npi_scope-npi=any-aux=weren't-licensor_embedded=0-npi_embedded=0-licensor_precede=1	1		the essays that hadn't described a lot of women weren't breaking any plates.
experiment=npi_scope-npi=any-aux=weren't-licensor_embedded=0-npi_embedded=1-licensor_precede=0	0		the essays that hadn't described a women weren't breaking the plates.
experiment=npi_scope-npi=any-aux=hadn't-licensor_embedded=1-npi_embedded=0-licensor_precede=1	0		the essays that hadn't described a lot of women aren't breaking any plates.
experiment=npi_scope-npi=any-aux=hadn't-licensor_embedded=1-npi_embedded=1-licensor_precede=1	1		the essays that hadn't described any women aren't breaking the plates.
experiment=npi_scope-npi=any-aux=hadn't-licensor_embedded=0-npi_embedded=0-licensor_precede=1	1		some patient that hasn't attacked many ladies hadn't discussed any pedestrians.
experiment=npi_scope-npi=any-aux=hadn't-licensor_embedded=0-npi_embedded=1-licensor_precede=0	0		some patient that hasn't attacked a ladies hadn't discussed many pedestrians.
experiment=npi_scope-npi=any-aux=hasn't-licensor_embedded=1-npi_embedded=0-licensor_precede=1	0		some patient that hasn't attacked many ladies hadn't discussed any pedestrians.
experiment=npi_scope-npi=any-aux=hasn't-licensor_embedded=1-npi_embedded=1-licensor_precede=1	1		some patient that hasn't attacked any ladies hadn't discussed many pedestrians.
experiment=npi_scope-npi=any-aux=won't-licensor_embedded=0-npi_embedded=0-licensor_precede=1	1		a person who doesn't clean the rugs won't resemble any students.
experiment=npi_scope-npi=any-aux=won't-licensor_embedded=0-npi_embedded=1-licensor_precede=0	0		a person who doesn't clean a rugs won't resemble many students.
experiment=npi_scope-npi=any-aux=can't-licensor_embedded=1-npi_embedded=0-licensor_precede=1	0		a person who can't clean the rugs won't resemble any students.
experiment=npi_scope-npi=any-aux=can't-licensor_embedded=1-npi_embedded=1-licensor_precede=1	1		a person who can't clean any rugs won't resemble many students.
experiment=npi_scope-npi=any-aux=wasn't-licensor_embedded=0-npi_embedded=0-licensor_precede=1	1		the actress who hasn't worn glasses wasn't helping any waiters.
experiment=npi_scope-npi=any-aux=wasn't-licensor_embedded=0-npi_embedded=1-licensor_precede=0	0		the actress who hasn't worn a glasses wasn't helping some waiters.
experiment=npi_scope-npi=any-aux=hadn't-licensor_embedded=1-npi_embedded=0-licensor_precede=1	0		the actress who hadn't worn glasses wasn't helping any waiters.
experiment=npi_scope-npi=any-aux=hadn't-licensor_embedded=1-npi_embedded=1-licensor_precede=1	1		the actress who hadn't worn any glasses wasn't helping some waiters.
experiment=npi_scope-npi=any-aux=wouldn't-licensor_embedded=0-npi_embedded=0-licensor_precede=1	1		a student that hasn't respected the customers wouldn't admire any men.
experiment=npi_scope-npi=any-aux=wouldn't-licensor_embedded=0-npi_embedded=1-licensor_precede=0	0		a student that hasn't respected a customers wouldn't admire many men.
experiment=npi_scope-npi=any-aux=hadn't-licensor_embedded=1-npi_embedded=0-licensor_precede=1	0		a student that hadn't respected the customers can't admire any men.
experiment=npi_scope-npi=any-aux=hadn't-licensor_embedded=1-npi_embedded=1-licensor_precede=1	1		a student that hadn't respected any customers can't admire many men.
experiment=npi_scope-npi=any-aux=hadn't-licensor_embedded=0-npi_embedded=0-licensor_precede=1	1		many actors who weren't buying a lot of couches hadn't sold any dishes.
experiment=npi_scope-npi=any-aux=hadn't-licensor_embedded=0-npi_embedded=1-licensor_precede=0	0		many actors who weren't buying a couches hadn't sold a lot of dishes.
experiment=npi_scope-npi=any-aux=aren't-licensor_embedded=1-npi_embedded=0-licensor_precede=1	0		many actors who aren't buying a lot of couches hadn't sold any dishes.
experiment=npi_scope-npi=any-aux=aren't-licensor_embedded=1-npi_embedded=1-licensor_precede=1	1		many actors who aren't buying any couches hadn't sold a lot of dishes.
experiment=npi_scope-npi=any-aux=hadn't-licensor_embedded=0-npi_embedded=0-licensor_precede=1	1		a lot of cashiers that weren't attacking the children hadn't cleaned any chairs.
experiment=npi_scope-npi=any-aux=hadn't-licensor_embedded=0-npi_embedded=1-licensor_precede=0	0		a lot of cashiers that weren't attacking a children hadn't cleaned chairs.
experiment=npi_scope-npi=any-aux=weren't-licensor_embedded=1-npi_embedded=0-licensor_precede=1	0		a lot of cashiers that weren't attacking the children haven't cleaned any chairs.
experiment=npi_scope-npi=any-aux=weren't-licensor_embedded=1-npi_embedded=1-licensor_precede=1	1		a lot of cashiers that weren't attacking any children haven't cleaned chairs.
experiment=npi_scope-npi=any-aux=wouldn't-licensor_embedded=0-npi_embedded=0-licensor_precede=1	1		the woman who doesn't hug the customers wouldn't listen to any kids.
experiment=npi_scope-npi=any-aux=wouldn't-licensor_embedded=0-npi_embedded=1-licensor_precede=0	0		the woman who doesn't hug a customers wouldn't listen to kids.
experiment=npi_scope-npi=any-aux=won't-licensor_embedded=1-npi_embedded=0-licensor_precede=1	0		the woman who won't hug the customers won't listen to any kids.
experiment=npi_scope-npi=any-aux=won't-licensor_embedded=1-npi_embedded=1-licensor_precede=1	1		the woman who won't hug any customers won't listen to kids.
experiment=npi_scope-npi=any-aux=hadn't-licensor_embedded=0-npi_embedded=0-licensor_precede=1	1		a lot of doctors who won't criticize many men hadn't described any movies.
experiment=npi_scope-npi=any-aux=hadn't-licensor_embedded=0-npi_embedded=1-licensor_precede=0	0		a lot of doctors who won't criticize a men hadn't described the movies.
experiment=npi_scope-npi=any-aux=wouldn't-licensor_embedded=1-npi_embedded=0-licensor_precede=1	0		a lot of doctors who wouldn't criticize many men haven't described any movies.
experiment=npi_scope-npi=any-aux=wouldn't-licensor_embedded=1-npi_embedded=1-licensor_precede=1	1		a lot of doctors who wouldn't criticize any men haven't described the movies.
experiment=npi_scope-npi=any-aux=aren't-licensor_embedded=0-npi_embedded=0-licensor_precede=1	1		many actresses who hadn't criticized a lot of drivers aren't taking any chairs.
experiment=npi_scope-npi=any-aux=aren't-licensor_embedded=0-npi_embedded=1-licensor_precede=0	0		many actresses who hadn't criticized a drivers aren't taking some chairs.
experiment=npi_scope-npi=any-aux=haven't-licensor_embedded=1-npi_embedded=0-licensor_precede=1	0		many actresses who haven't criticized a lot of drivers weren't taking any chairs.
experiment=npi_scope-npi=any-aux=haven't-licensor_embedded=1-npi_embedded=1-licensor_precede=1	1		many actresses who haven't criticized any drivers weren't taking some chairs.
experiment=npi_scope-npi=any-aux=don't-licensor_embedded=0-npi_embedded=0-licensor_precede=1	1		the gals who hadn't criticized many men don't buy any chairs.
experiment=npi_scope-npi=any-aux=don't-licensor_embedded=0-npi_embedded=1-licensor_precede=0	0		the gals who hadn't criticized a men don't buy a lot of chairs.
experiment=npi_scope-npi=any-aux=haven't-licensor_embedded=1-npi_embedded=0-licensor_precede=1	0		the gals who haven't criticized many men can't buy any chairs.
experiment=npi_scope-npi=any-aux=haven't-licensor_embedded=1-npi_embedded=1-licensor_precede=1	1		the gals who haven't criticized any men can't buy a lot of chairs.
experiment=npi_scope-npi=any-aux=wouldn't-licensor_embedded=0-npi_embedded=0-licensor_precede=1	1		some pedestrians that weren't taking a lot of gloves wouldn't describe any actors.
experiment=npi_scope-npi=any-aux=wouldn't-licensor_embedded=0-npi_embedded=1-licensor_precede=0	0		some pedestrians that weren't taking a gloves wouldn't describe actors.
experiment=npi_scope-npi=any-aux=aren't-licensor_embedded=1-npi_embedded=0-licensor_precede=1	0		some pedestrians that aren't taking a lot of gloves wouldn't describe any actors.
experiment=npi_scope-npi=any-aux=aren't-licensor_embedded=1-npi_embedded=1-licensor_precede=1	1		some pedestrians that aren't taking any gloves wouldn't describe actors.
experiment=npi_scope-npi=any-aux=isn't-licensor_embedded=0-npi_embedded=0-licensor_precede=1	1		a waitress that hasn't criticized many doctors isn't describing any cashiers.
experiment=npi_scope-npi=any-aux=isn't-licensor_embedded=0-npi_embedded=1-licensor_precede=0	0		a waitress that hasn't criticized a doctors isn't describing a lot of cashiers.
experiment=npi_scope-npi=any-aux=hadn't-licensor_embedded=1-npi_embedded=0-licensor_precede=1	0		a waitress that hadn't criticized many doctors wasn't describing any cashiers.
experiment=npi_scope-npi=any-aux=hadn't-licensor_embedded=1-npi_embedded=1-licensor_precede=1	1		a waitress that hadn't criticized any doctors wasn't describing a lot of cashiers.
experiment=npi_scope-npi=any-aux=wouldn't-licensor_embedded=0-npi_embedded=0-licensor_precede=1	1		the gal who hasn't taken the pants wouldn't break any forks.
experiment=npi_scope-npi=any-aux=wouldn't-licensor_embedded=0-npi_embedded=1-licensor_precede=0	0		the gal who hasn't taken a pants wouldn't break some forks.
experiment=npi_scope-npi=any-aux=hadn't-licensor_embedded=1-npi_embedded=0-licensor_precede=1	0		the gal who hadn't taken the pants shouldn't break any forks.
experiment=npi_scope-npi=any-aux=hadn't-licensor_embedded=1-npi_embedded=1-licensor_precede=1	1		the gal who hadn't taken any pants shouldn't break some forks.
experiment=npi_scope-npi=any-aux=hasn't-licensor_embedded=0-npi_embedded=0-licensor_precede=1	1		a movie that isn't discussing some stories hasn't brought any glasses.
experiment=npi_scope-npi=any-aux=hasn't-licensor_embedded=0-npi_embedded=1-licensor_precede=0	0		a movie that isn't discussing a stories hasn't brought a lot of glasses.
experiment=npi_scope-npi=any-aux=isn't-licensor_embedded=1-npi_embedded=0-licensor_precede=1	0		a movie that isn't discussing some stories hadn't brought any glasses.
experiment=npi_scope-npi=any-aux=isn't-licensor_embedded=1-npi_embedded=1-licensor_precede=1	1		a movie that isn't discussing any stories hadn't brought a lot of glasses.
experiment=npi_scope-npi=any-aux=hasn't-licensor_embedded=0-npi_embedded=0-licensor_precede=1	1		an actress that doesn't reference the drivers hasn't known any teachers.
experiment=npi_scope-npi=any-aux=hasn't-licensor_embedded=0-npi_embedded=1-licensor_precede=0	0		an actress that doesn't reference a drivers hasn't known many teachers.
experiment=npi_scope-npi=any-aux=won't-licensor_embedded=1-npi_embedded=0-licensor_precede=1	0		an actress that won't reference the drivers hasn't known any teachers.
experiment=npi_scope-npi=any-aux=won't-licensor_embedded=1-npi_embedded=1-licensor_precede=1	1		an actress that won't reference any drivers hasn't known many teachers.
experiment=npi_scope-npi=any-aux=haven't-licensor_embedded=0-npi_embedded=0-licensor_precede=1	1		doctors that hadn't remembered many actresses haven't disliked any humans.
experiment=npi_scope-npi=any-aux=haven't-licensor_embedded=0-npi_embedded=1-licensor_precede=0	0		doctors that hadn't remembered a actresses haven't disliked some humans.
experiment=npi_scope-npi=any-aux=hadn't-licensor_embedded=1-npi_embedded=0-licensor_precede=1	0		doctors that hadn't remembered many actresses hadn't disliked any humans.
experiment=npi_scope-npi=any-aux=hadn't-licensor_embedded=1-npi_embedded=1-licensor_precede=1	1		doctors that hadn't remembered any actresses hadn't disliked some humans.
experiment=npi_scope-npi=any-aux=haven't-licensor_embedded=0-npi_embedded=0-licensor_precede=1	1		men who hadn't helped many gals haven't taken any books.
experiment=npi_scope-npi=any-aux=haven't-licensor_embedded=0-npi_embedded=1-licensor_precede=0	0		men who hadn't helped a gals haven't taken books.
experiment=npi_scope-npi=any-aux=hadn't-licensor_embedded=1-npi_embedded=0-licensor_precede=1	0		men who hadn't helped many gals hadn't taken any books.
experiment=npi_scope-npi=any-aux=hadn't-licensor_embedded=1-npi_embedded=1-licensor_precede=1	1		men who hadn't helped any gals hadn't taken books.
experiment=npi_scope-npi=any-aux=wasn't-licensor_embedded=0-npi_embedded=0-licensor_precede=1	1		the patient who wasn't referencing a lot of girls wasn't talking to any actresses.
experiment=npi_scope-npi=any-aux=wasn't-licensor_embedded=0-npi_embedded=1-licensor_precede=0	0		the patient who wasn't referencing a girls wasn't talking to the actresses.
experiment=npi_scope-npi=any-aux=isn't-licensor_embedded=1-npi_embedded=0-licensor_precede=1	0		the patient who isn't referencing a lot of girls wasn't talking to any actresses.
experiment=npi_scope-npi=any-aux=isn't-licensor_embedded=1-npi_embedded=1-licensor_precede=1	1		the patient who isn't referencing any girls wasn't talking to the actresses.
experiment=npi_scope-npi=any-aux=hasn't-licensor_embedded=0-npi_embedded=0-licensor_precede=1	1		some adult that doesn't bring some rugs hasn't visited any actors.
experiment=npi_scope-npi=any-aux=hasn't-licensor_embedded=0-npi_embedded=1-licensor_precede=0	0		some adult that doesn't bring a rugs hasn't visited a lot of actors.
experiment=npi_scope-npi=any-aux=can't-licensor_embedded=1-npi_embedded=0-licensor_precede=1	0		some adult that can't bring some rugs hadn't visited any actors.
experiment=npi_scope-npi=any-aux=can't-licensor_embedded=1-npi_embedded=1-licensor_precede=1	1		some adult that can't bring any rugs hadn't visited a lot of actors.
experiment=npi_scope-npi=any-aux=doesn't-licensor_embedded=0-npi_embedded=0-licensor_precede=1	1		the play that doesn't resemble books doesn't remember any adults.
experiment=npi_scope-npi=any-aux=doesn't-licensor_embedded=0-npi_embedded=1-licensor_precede=0	0		the play that doesn't resemble a books doesn't remember many adults.
experiment=npi_scope-npi=any-aux=doesn't-licensor_embedded=1-npi_embedded=0-licensor_precede=1	0		the play that doesn't resemble books can't remember any adults.
experiment=npi_scope-npi=any-aux=doesn't-licensor_embedded=1-npi_embedded=1-licensor_precede=1	1		the play that doesn't resemble any books can't remember many adults.
experiment=npi_scope-npi=any-aux=haven't-licensor_embedded=0-npi_embedded=0-licensor_precede=1	1		waiters that hadn't talked to many customers haven't forgotten any waiters.
experiment=npi_scope-npi=any-aux=haven't-licensor_embedded=0-npi_embedded=1-licensor_precede=0	0		waiters that hadn't talked to a customers haven't forgotten some waiters.
experiment=npi_scope-npi=any-aux=haven't-licensor_embedded=1-npi_embedded=0-licensor_precede=1	0		waiters that haven't talked to many customers haven't forgotten any waiters.
experiment=npi_scope-npi=any-aux=haven't-licensor_embedded=1-npi_embedded=1-licensor_precede=1	1		waiters that haven't talked to any customers haven't forgotten some waiters.
experiment=npi_scope-npi=any-aux=won't-licensor_embedded=0-npi_embedded=0-licensor_precede=1	1		teachers who weren't referencing some customers won't buy any rugs.
experiment=npi_scope-npi=any-aux=won't-licensor_embedded=0-npi_embedded=1-licensor_precede=0	0		teachers who weren't referencing a customers won't buy some rugs.
experiment=npi_scope-npi=any-aux=aren't-licensor_embedded=1-npi_embedded=0-licensor_precede=1	0		teachers who aren't referencing some customers don't buy any rugs.
experiment=npi_scope-npi=any-aux=aren't-licensor_embedded=1-npi_embedded=1-licensor_precede=1	1		teachers who aren't referencing any customers don't buy some rugs.
experiment=npi_scope-npi=any-aux=wouldn't-licensor_embedded=0-npi_embedded=0-licensor_precede=1	1		a cashier that shouldn't bring the plates wouldn't like any couches.
experiment=npi_scope-npi=any-aux=wouldn't-licensor_embedded=0-npi_embedded=1-licensor_precede=0	0		a cashier that shouldn't bring a plates wouldn't like the couches.
experiment=npi_scope-npi=any-aux=wouldn't-licensor_embedded=1-npi_embedded=0-licensor_precede=1	0		a cashier that wouldn't bring the plates won't like any couches.
experiment=npi_scope-npi=any-aux=wouldn't-licensor_embedded=1-npi_embedded=1-licensor_precede=1	1		a cashier that wouldn't bring any plates won't like the couches.
experiment=npi_scope-npi=any-aux=shouldn't-licensor_embedded=0-npi_embedded=0-licensor_precede=1	1		the adults that shouldn't break books shouldn't resemble any teachers.
experiment=npi_scope-npi=any-aux=shouldn't-licensor_embedded=0-npi_embedded=1-licensor_precede=0	0		the adults that shouldn't break a books shouldn't resemble some teachers.
experiment=npi_scope-npi=any-aux=couldn't-licensor_embedded=1-npi_embedded=0-licensor_precede=1	0		the adults that couldn't break books won't resemble any teachers.
experiment=npi_scope-npi=any-aux=couldn't-licensor_embedded=1-npi_embedded=1-licensor_precede=1	1		the adults that couldn't break any books won't resemble some teachers.
experiment=npi_scope-npi=any-aux=won't-licensor_embedded=0-npi_embedded=0-licensor_precede=1	1		some guest that doesn't resemble some cars won't visit any pedestrians.
experiment=npi_scope-npi=any-aux=won't-licensor_embedded=0-npi_embedded=1-licensor_precede=0	0		some guest that doesn't resemble a cars won't visit many pedestrians.
experiment=npi_scope-npi=any-aux=couldn't-licensor_embedded=1-npi_embedded=0-licensor_precede=1	0		some guest that couldn't resemble some cars wouldn't visit any pedestrians.
experiment=npi_scope-npi=any-aux=couldn't-licensor_embedded=1-npi_embedded=1-licensor_precede=1	1		some guest that couldn't resemble any cars wouldn't visit many pedestrians.
experiment=npi_scope-npi=any-aux=hadn't-licensor_embedded=0-npi_embedded=0-licensor_precede=1	1		a lot of actresses that haven't seen some men hadn't insulted any cashiers.
experiment=npi_scope-npi=any-aux=hadn't-licensor_embedded=0-npi_embedded=1-licensor_precede=0	0		a lot of actresses that haven't seen a men hadn't insulted cashiers.
experiment=npi_scope-npi=any-aux=haven't-licensor_embedded=1-npi_embedded=0-licensor_precede=1	0		a lot of actresses that haven't seen some men haven't insulted any cashiers.
experiment=npi_scope-npi=any-aux=haven't-licensor_embedded=1-npi_embedded=1-licensor_precede=1	1		a lot of actresses that haven't seen any men haven't insulted cashiers.
experiment=npi_scope-npi=any-aux=aren't-licensor_embedded=0-npi_embedded=0-licensor_precede=1	1		guys who won't buy many cups aren't criticizing any books.
experiment=npi_scope-npi=any-aux=aren't-licensor_embedded=0-npi_embedded=1-licensor_precede=0	0		guys who won't buy a cups aren't criticizing some books.
experiment=npi_scope-npi=any-aux=wouldn't-licensor_embedded=1-npi_embedded=0-licensor_precede=1	0		guys who wouldn't buy many cups aren't criticizing any books.
experiment=npi_scope-npi=any-aux=wouldn't-licensor_embedded=1-npi_embedded=1-licensor_precede=1	1		guys who wouldn't buy any cups aren't criticizing some books.
experiment=npi_scope-npi=any-aux=aren't-licensor_embedded=0-npi_embedded=0-licensor_precede=1	1		actresses that won't sell the books aren't breaking any books.
experiment=npi_scope-npi=any-aux=aren't-licensor_embedded=0-npi_embedded=1-licensor_precede=0	0		actresses that won't sell a books aren't breaking many books.
experiment=npi_scope-npi=any-aux=wouldn't-licensor_embedded=1-npi_embedded=0-licensor_precede=1	0		actresses that wouldn't sell the books aren't breaking any books.
experiment=npi_scope-npi=any-aux=wouldn't-licensor_embedded=1-npi_embedded=1-licensor_precede=1	1		actresses that wouldn't sell any books aren't breaking many books.
experiment=npi_scope-npi=any-aux=won't-licensor_embedded=0-npi_embedded=0-licensor_precede=1	1		the girls that shouldn't listen to a lot of adults won't bring any cars.
experiment=npi_scope-npi=any-aux=won't-licensor_embedded=0-npi_embedded=1-licensor_precede=0	0		the girls that shouldn't listen to a adults won't bring some cars.
experiment=npi_scope-npi=any-aux=won't-licensor_embedded=1-npi_embedded=0-licensor_precede=1	0		the girls that won't listen to a lot of adults wouldn't bring any cars.
experiment=npi_scope-npi=any-aux=won't-licensor_embedded=1-npi_embedded=1-licensor_precede=1	1		the girls that won't listen to any adults wouldn't bring some cars.
experiment=npi_scope-npi=any-aux=shouldn't-licensor_embedded=0-npi_embedded=0-licensor_precede=1	1		boys that haven't praised a lot of adults shouldn't break any chairs.
experiment=npi_scope-npi=any-aux=shouldn't-licensor_embedded=0-npi_embedded=1-licensor_precede=0	0		boys that haven't praised a adults shouldn't break many chairs.
experiment=npi_scope-npi=any-aux=haven't-licensor_embedded=1-npi_embedded=0-licensor_precede=1	0		boys that haven't praised a lot of adults didn't break any chairs.
experiment=npi_scope-npi=any-aux=haven't-licensor_embedded=1-npi_embedded=1-licensor_precede=1	1		boys that haven't praised any adults didn't break many chairs.
experiment=npi_scope-npi=any-aux=didn't-licensor_embedded=0-npi_embedded=0-licensor_precede=1	1		drivers who weren't breaking the glasses didn't kiss any children.
experiment=npi_scope-npi=any-aux=didn't-licensor_embedded=0-npi_embedded=1-licensor_precede=0	0		drivers who weren't breaking a glasses didn't kiss many children.
experiment=npi_scope-npi=any-aux=aren't-licensor_embedded=1-npi_embedded=0-licensor_precede=1	0		drivers who aren't breaking the glasses can't kiss any children.
experiment=npi_scope-npi=any-aux=aren't-licensor_embedded=1-npi_embedded=1-licensor_precede=1	1		drivers who aren't breaking any glasses can't kiss many children.
experiment=npi_scope-npi=any-aux=wouldn't-licensor_embedded=0-npi_embedded=0-licensor_precede=1	1		the patient that hasn't criticized waiters wouldn't love any people.
experiment=npi_scope-npi=any-aux=wouldn't-licensor_embedded=0-npi_embedded=1-licensor_precede=0	0		the patient that hasn't criticized a waiters wouldn't love a lot of people.
experiment=npi_scope-npi=any-aux=hasn't-licensor_embedded=1-npi_embedded=0-licensor_precede=1	0		the patient that hasn't criticized waiters can't love any people.
experiment=npi_scope-npi=any-aux=hasn't-licensor_embedded=1-npi_embedded=1-licensor_precede=1	1		the patient that hasn't criticized any waiters can't love a lot of people.
experiment=npi_scope-npi=any-aux=hasn't-licensor_embedded=0-npi_embedded=0-licensor_precede=1	1		the waitress who hadn't seen boys hasn't listened to any drivers.
experiment=npi_scope-npi=any-aux=hasn't-licensor_embedded=0-npi_embedded=1-licensor_precede=0	0		the waitress who hadn't seen a boys hasn't listened to many drivers.
experiment=npi_scope-npi=any-aux=hasn't-licensor_embedded=1-npi_embedded=0-licensor_precede=1	0		the waitress who hasn't seen boys hadn't listened to any drivers.
experiment=npi_scope-npi=any-aux=hasn't-licensor_embedded=1-npi_embedded=1-licensor_precede=1	1		the waitress who hasn't seen any boys hadn't listened to many drivers.
experiment=npi_scope-npi=any-aux=didn't-licensor_embedded=0-npi_embedded=0-licensor_precede=1	1		some lady that wasn't working with the people didn't respect any ladies.
experiment=npi_scope-npi=any-aux=didn't-licensor_embedded=0-npi_embedded=1-licensor_precede=0	0		some lady that wasn't working with a people didn't respect some ladies.
experiment=npi_scope-npi=any-aux=wasn't-licensor_embedded=1-npi_embedded=0-licensor_precede=1	0		some lady that wasn't working with the people won't respect any ladies.
experiment=npi_scope-npi=any-aux=wasn't-licensor_embedded=1-npi_embedded=1-licensor_precede=1	1		some lady that wasn't working with any people won't respect some ladies.
experiment=npi_scope-npi=any-aux=hasn't-licensor_embedded=0-npi_embedded=0-licensor_precede=1	1		a man who hadn't talked to dudes hasn't broken any dishes.
experiment=npi_scope-npi=any-aux=hasn't-licensor_embedded=0-npi_embedded=1-licensor_precede=0	0		a man who hadn't talked to a dudes hasn't broken many dishes.
experiment=npi_scope-npi=any-aux=hadn't-licensor_embedded=1-npi_embedded=0-licensor_precede=1	0		a man who hadn't talked to dudes hasn't broken any dishes.
experiment=npi_scope-npi=any-aux=hadn't-licensor_embedded=1-npi_embedded=1-licensor_precede=1	1		a man who hadn't talked to any dudes hasn't broken many dishes.
experiment=npi_scope-npi=any-aux=isn't-licensor_embedded=0-npi_embedded=0-licensor_precede=1	1		a gal who hasn't loved many waitresses isn't cleaning any forks.
experiment=npi_scope-npi=any-aux=isn't-licensor_embedded=0-npi_embedded=1-licensor_precede=0	0		a gal who hasn't loved a waitresses isn't cleaning the forks.
experiment=npi_scope-npi=any-aux=hasn't-licensor_embedded=1-npi_embedded=0-licensor_precede=1	0		a gal who hasn't loved many waitresses isn't cleaning any forks.
experiment=npi_scope-npi=any-aux=hasn't-licensor_embedded=1-npi_embedded=1-licensor_precede=1	1		a gal who hasn't loved any waitresses isn't cleaning the forks.
experiment=npi_scope-npi=any-aux=won't-licensor_embedded=0-npi_embedded=0-licensor_precede=1	1		a patient who hasn't seen many waiters won't see any dishes.
experiment=npi_scope-npi=any-aux=won't-licensor_embedded=0-npi_embedded=1-licensor_precede=0	0		a patient who hasn't seen a waiters won't see some dishes.
experiment=npi_scope-npi=any-aux=hadn't-licensor_embedded=1-npi_embedded=0-licensor_precede=1	0		a patient who hadn't seen many waiters doesn't see any dishes.
experiment=npi_scope-npi=any-aux=hadn't-licensor_embedded=1-npi_embedded=1-licensor_precede=1	1		a patient who hadn't seen any waiters doesn't see some dishes.
experiment=npi_scope-npi=any-aux=hasn't-licensor_embedded=0-npi_embedded=0-licensor_precede=1	1		some person that shouldn't see plates hasn't criticized any books.
experiment=npi_scope-npi=any-aux=hasn't-licensor_embedded=0-npi_embedded=1-licensor_precede=0	0		some person that shouldn't see a plates hasn't criticized many books.
experiment=npi_scope-npi=any-aux=won't-licensor_embedded=1-npi_embedded=0-licensor_precede=1	0		some person that won't see plates hasn't criticized any books.
experiment=npi_scope-npi=any-aux=won't-licensor_embedded=1-npi_embedded=1-licensor_precede=1	1		some person that won't see any plates hasn't criticized many books.
experiment=npi_scope-npi=any-aux=hadn't-licensor_embedded=0-npi_embedded=0-licensor_precede=1	1		the patient that shouldn't sell the couches hadn't loved any waiters.
experiment=npi_scope-npi=any-aux=hadn't-licensor_embedded=0-npi_embedded=1-licensor_precede=0	0		the patient that shouldn't sell a couches hadn't loved many waiters.
experiment=npi_scope-npi=any-aux=wouldn't-licensor_embedded=1-npi_embedded=0-licensor_precede=1	0		the patient that wouldn't sell the couches hadn't loved any waiters.
experiment=npi_scope-npi=any-aux=wouldn't-licensor_embedded=1-npi_embedded=1-licensor_precede=1	1		the patient that wouldn't sell any couches hadn't loved many waiters.
experiment=npi_scope-npi=any-aux=don't-licensor_embedded=0-npi_embedded=0-licensor_precede=1	1		teachers that don't take a lot of rugs don't criticize any actors.
experiment=npi_scope-npi=any-aux=don't-licensor_embedded=0-npi_embedded=1-licensor_precede=0	0		teachers that don't take a rugs don't criticize actors.
experiment=npi_scope-npi=any-aux=shouldn't-licensor_embedded=1-npi_embedded=0-licensor_precede=1	0		teachers that shouldn't take a lot of rugs didn't criticize any actors.
experiment=npi_scope-npi=any-aux=shouldn't-licensor_embedded=1-npi_embedded=1-licensor_precede=1	1		teachers that shouldn't take any rugs didn't criticize actors.
experiment=npi_scope-npi=any-aux=hadn't-licensor_embedded=0-npi_embedded=0-licensor_precede=1	1		the doctors that can't sell many pants hadn't taken any books.
experiment=npi_scope-npi=any-aux=hadn't-licensor_embedded=0-npi_embedded=1-licensor_precede=0	0		the doctors that can't sell a pants hadn't taken many books.
experiment=npi_scope-npi=any-aux=shouldn't-licensor_embedded=1-npi_embedded=0-licensor_precede=1	0		the doctors that shouldn't sell many pants hadn't taken any books.
experiment=npi_scope-npi=any-aux=shouldn't-licensor_embedded=1-npi_embedded=1-licensor_precede=1	1		the doctors that shouldn't sell any pants hadn't taken many books.
experiment=npi_scope-npi=any-aux=hasn't-licensor_embedded=0-npi_embedded=0-licensor_precede=1	1		some actress who doesn't care for the drivers hasn't lifted any dishes.
experiment=npi_scope-npi=any-aux=hasn't-licensor_embedded=0-npi_embedded=1-licensor_precede=0	0		some actress who doesn't care for a drivers hasn't lifted the dishes.
experiment=npi_scope-npi=any-aux=won't-licensor_embedded=1-npi_embedded=0-licensor_precede=1	0		some actress who won't care for the drivers hadn't lifted any dishes.
experiment=npi_scope-npi=any-aux=won't-licensor_embedded=1-npi_embedded=1-licensor_precede=1	1		some actress who won't care for any drivers hadn't lifted the dishes.
experiment=npi_scope-npi=any-aux=can't-licensor_embedded=0-npi_embedded=0-licensor_precede=1	1		a girl who isn't listening to a lot of people can't reference any customers.
experiment=npi_scope-npi=any-aux=can't-licensor_embedded=0-npi_embedded=1-licensor_precede=0	0		a girl who isn't listening to a people can't reference some customers.
experiment=npi_scope-npi=any-aux=isn't-licensor_embedded=1-npi_embedded=0-licensor_precede=1	0		a girl who isn't listening to a lot of people wouldn't reference any customers.
experiment=npi_scope-npi=any-aux=isn't-licensor_embedded=1-npi_embedded=1-licensor_precede=1	1		a girl who isn't listening to any people wouldn't reference some customers.
experiment=npi_scope-npi=any-aux=haven't-licensor_embedded=0-npi_embedded=0-licensor_precede=1	1		the women that couldn't dislike many cashiers haven't taken any books.
experiment=npi_scope-npi=any-aux=haven't-licensor_embedded=0-npi_embedded=1-licensor_precede=0	0		the women that couldn't dislike a cashiers haven't taken the books.
experiment=npi_scope-npi=any-aux=couldn't-licensor_embedded=1-npi_embedded=0-licensor_precede=1	0		the women that couldn't dislike many cashiers hadn't taken any books.
experiment=npi_scope-npi=any-aux=couldn't-licensor_embedded=1-npi_embedded=1-licensor_precede=1	1		the women that couldn't dislike any cashiers hadn't taken the books.
experiment=npi_scope-npi=any-aux=isn't-licensor_embedded=0-npi_embedded=0-licensor_precede=1	1		some pedestrian that isn't buying pants isn't selling any pants.
experiment=npi_scope-npi=any-aux=isn't-licensor_embedded=0-npi_embedded=1-licensor_precede=0	0		some pedestrian that isn't buying a pants isn't selling the pants.
experiment=npi_scope-npi=any-aux=isn't-licensor_embedded=1-npi_embedded=0-licensor_precede=1	0		some pedestrian that isn't buying pants isn't selling any pants.
experiment=npi_scope-npi=any-aux=isn't-licensor_embedded=1-npi_embedded=1-licensor_precede=1	1		some pedestrian that isn't buying any pants isn't selling the pants.
experiment=npi_scope-npi=any-aux=hadn't-licensor_embedded=0-npi_embedded=0-licensor_precede=1	1		some human who hadn't brought couches hadn't worked with any students.
experiment=npi_scope-npi=any-aux=hadn't-licensor_embedded=0-npi_embedded=1-licensor_precede=0	0		some human who hadn't brought a couches hadn't worked with some students.
experiment=npi_scope-npi=any-aux=hadn't-licensor_embedded=1-npi_embedded=0-licensor_precede=1	0		some human who hadn't brought couches hadn't worked with any students.
experiment=npi_scope-npi=any-aux=hadn't-licensor_embedded=1-npi_embedded=1-licensor_precede=1	1		some human who hadn't brought any couches hadn't worked with some students.
experiment=npi_scope-npi=any-aux=couldn't-licensor_embedded=0-npi_embedded=0-licensor_precede=1	1		a lady that won't reference some women couldn't hug any dudes.
experiment=npi_scope-npi=any-aux=couldn't-licensor_embedded=0-npi_embedded=1-licensor_precede=0	0		a lady that won't reference a women couldn't hug dudes.
experiment=npi_scope-npi=any-aux=couldn't-licensor_embedded=1-npi_embedded=0-licensor_precede=1	0		a lady that couldn't reference some women won't hug any dudes.
experiment=npi_scope-npi=any-aux=couldn't-licensor_embedded=1-npi_embedded=1-licensor_precede=1	1		a lady that couldn't reference any women won't hug dudes.
experiment=npi_scope-npi=any-aux=wouldn't-licensor_embedded=0-npi_embedded=0-licensor_precede=1	1		the children that wouldn't discuss a lot of essays wouldn't kiss any boys.
experiment=npi_scope-npi=any-aux=wouldn't-licensor_embedded=0-npi_embedded=1-licensor_precede=0	0		the children that wouldn't discuss a essays wouldn't kiss many boys.
experiment=npi_scope-npi=any-aux=didn't-licensor_embedded=1-npi_embedded=0-licensor_precede=1	0		the children that didn't discuss a lot of essays won't kiss any boys.
experiment=npi_scope-npi=any-aux=didn't-licensor_embedded=1-npi_embedded=1-licensor_precede=1	1		the children that didn't discuss any essays won't kiss many boys.
experiment=npi_scope-npi=any-aux=couldn't-licensor_embedded=0-npi_embedded=0-licensor_precede=1	1		the adults who hadn't worn pants couldn't forget any men.
experiment=npi_scope-npi=any-aux=couldn't-licensor_embedded=0-npi_embedded=1-licensor_precede=0	0		the adults who hadn't worn a pants couldn't forget men.
experiment=npi_scope-npi=any-aux=hadn't-licensor_embedded=1-npi_embedded=0-licensor_precede=1	0		the adults who hadn't worn pants can't forget any men.
experiment=npi_scope-npi=any-aux=hadn't-licensor_embedded=1-npi_embedded=1-licensor_precede=1	1		the adults who hadn't worn any pants can't forget men.
experiment=npi_scope-npi=any-aux=hadn't-licensor_embedded=0-npi_embedded=0-licensor_precede=1	1		the driver that hasn't hugged many kids hadn't bought any dishes.
experiment=npi_scope-npi=any-aux=hadn't-licensor_embedded=0-npi_embedded=1-licensor_precede=0	0		the driver that hasn't hugged a kids hadn't bought dishes.
experiment=npi_scope-npi=any-aux=hadn't-licensor_embedded=1-npi_embedded=0-licensor_precede=1	0		the driver that hadn't hugged many kids hadn't bought any dishes.
experiment=npi_scope-npi=any-aux=hadn't-licensor_embedded=1-npi_embedded=1-licensor_precede=1	1		the driver that hadn't hugged any kids hadn't bought dishes.
experiment=npi_scope-npi=any-aux=shouldn't-licensor_embedded=0-npi_embedded=0-licensor_precede=1	1		the actor who didn't describe ladies shouldn't kiss any men.
experiment=npi_scope-npi=any-aux=shouldn't-licensor_embedded=0-npi_embedded=1-licensor_precede=0	0		the actor who didn't describe a ladies shouldn't kiss a lot of men.
experiment=npi_scope-npi=any-aux=shouldn't-licensor_embedded=1-npi_embedded=0-licensor_precede=1	0		the actor who shouldn't describe ladies couldn't kiss any men.
experiment=npi_scope-npi=any-aux=shouldn't-licensor_embedded=1-npi_embedded=1-licensor_precede=1	1		the actor who shouldn't describe any ladies couldn't kiss a lot of men.
experiment=npi_scope-npi=any-aux=can't-licensor_embedded=0-npi_embedded=0-licensor_precede=1	1		some kid who wouldn't describe some cashiers can't wear any gloves.
experiment=npi_scope-npi=any-aux=can't-licensor_embedded=0-npi_embedded=1-licensor_precede=0	0		some kid who wouldn't describe a cashiers can't wear some gloves.
experiment=npi_scope-npi=any-aux=couldn't-licensor_embedded=1-npi_embedded=0-licensor_precede=1	0		some kid who couldn't describe some cashiers doesn't wear any gloves.
experiment=npi_scope-npi=any-aux=couldn't-licensor_embedded=1-npi_embedded=1-licensor_precede=1	1		some kid who couldn't describe any cashiers doesn't wear some gloves.
experiment=npi_scope-npi=any-aux=weren't-licensor_embedded=0-npi_embedded=0-licensor_precede=1	1		waitresses who didn't buy glasses weren't cleaning any rugs.
experiment=npi_scope-npi=any-aux=weren't-licensor_embedded=0-npi_embedded=1-licensor_precede=0	0		waitresses who didn't buy a glasses weren't cleaning many rugs.
experiment=npi_scope-npi=any-aux=didn't-licensor_embedded=1-npi_embedded=0-licensor_precede=1	0		waitresses who didn't buy glasses weren't cleaning any rugs.
experiment=npi_scope-npi=any-aux=didn't-licensor_embedded=1-npi_embedded=1-licensor_precede=1	1		waitresses who didn't buy any glasses weren't cleaning many rugs.
experiment=npi_scope-npi=any-aux=wasn't-licensor_embedded=0-npi_embedded=0-licensor_precede=1	1		the adult who couldn't clean dishes wasn't cleaning any gloves.
experiment=npi_scope-npi=any-aux=wasn't-licensor_embedded=0-npi_embedded=1-licensor_precede=0	0		the adult who couldn't clean a dishes wasn't cleaning a lot of gloves.
experiment=npi_scope-npi=any-aux=didn't-licensor_embedded=1-npi_embedded=0-licensor_precede=1	0		the adult who didn't clean dishes isn't cleaning any gloves.
experiment=npi_scope-npi=any-aux=didn't-licensor_embedded=1-npi_embedded=1-licensor_precede=1	1		the adult who didn't clean any dishes isn't cleaning a lot of gloves.
experiment=npi_scope-npi=any-aux=wasn't-licensor_embedded=0-npi_embedded=0-licensor_precede=1	1		the cashier who hasn't described some ladies wasn't selling any cars.
experiment=npi_scope-npi=any-aux=wasn't-licensor_embedded=0-npi_embedded=1-licensor_precede=0	0		the cashier who hasn't described a ladies wasn't selling the cars.
experiment=npi_scope-npi=any-aux=hasn't-licensor_embedded=1-npi_embedded=0-licensor_precede=1	0		the cashier who hasn't described some ladies isn't selling any cars.
experiment=npi_scope-npi=any-aux=hasn't-licensor_embedded=1-npi_embedded=1-licensor_precede=1	1		the cashier who hasn't described any ladies isn't selling the cars.
experiment=npi_scope-npi=any-aux=didn't-licensor_embedded=0-npi_embedded=0-licensor_precede=1	1		some gal that hadn't talked to many actors didn't work with any pedestrians.
experiment=npi_scope-npi=any-aux=didn't-licensor_embedded=0-npi_embedded=1-licensor_precede=0	0		some gal that hadn't talked to a actors didn't work with many pedestrians.
experiment=npi_scope-npi=any-aux=hasn't-licensor_embedded=1-npi_embedded=0-licensor_precede=1	0		some gal that hasn't talked to many actors didn't work with any pedestrians.
experiment=npi_scope-npi=any-aux=hasn't-licensor_embedded=1-npi_embedded=1-licensor_precede=1	1		some gal that hasn't talked to any actors didn't work with many pedestrians.
experiment=npi_scope-npi=any-aux=hasn't-licensor_embedded=0-npi_embedded=0-licensor_precede=1	1		a pedestrian that can't remember some guests hasn't referenced any gals.
experiment=npi_scope-npi=any-aux=hasn't-licensor_embedded=0-npi_embedded=1-licensor_precede=0	0		a pedestrian that can't remember a guests hasn't referenced many gals.
experiment=npi_scope-npi=any-aux=won't-licensor_embedded=1-npi_embedded=0-licensor_precede=1	0		a pedestrian that won't remember some guests hasn't referenced any gals.
experiment=npi_scope-npi=any-aux=won't-licensor_embedded=1-npi_embedded=1-licensor_precede=1	1		a pedestrian that won't remember any guests hasn't referenced many gals.
experiment=npi_scope-npi=any-aux=hasn't-licensor_embedded=0-npi_embedded=0-licensor_precede=1	1		the person who hadn't hated children hasn't lifted any shoes.
experiment=npi_scope-npi=any-aux=hasn't-licensor_embedded=0-npi_embedded=1-licensor_precede=0	0		the person who hadn't hated a children hasn't lifted many shoes.
experiment=npi_scope-npi=any-aux=hasn't-licensor_embedded=1-npi_embedded=0-licensor_precede=1	0		the person who hasn't hated children hadn't lifted any shoes.
experiment=npi_scope-npi=any-aux=hasn't-licensor_embedded=1-npi_embedded=1-licensor_precede=1	1		the person who hasn't hated any children hadn't lifted many shoes.
experiment=npi_scope-npi=any-aux=hadn't-licensor_embedded=0-npi_embedded=0-licensor_precede=1	1		some actor that shouldn't attack children hadn't described any kids.
experiment=npi_scope-npi=any-aux=hadn't-licensor_embedded=0-npi_embedded=1-licensor_precede=0	0		some actor that shouldn't attack a children hadn't described some kids.
experiment=npi_scope-npi=any-aux=can't-licensor_embedded=1-npi_embedded=0-licensor_precede=1	0		some actor that can't attack children hasn't described any kids.
experiment=npi_scope-npi=any-aux=can't-licensor_embedded=1-npi_embedded=1-licensor_precede=1	1		some actor that can't attack any children hasn't described some kids.
experiment=npi_scope-npi=any-aux=didn't-licensor_embedded=0-npi_embedded=0-licensor_precede=1	1		the kid that couldn't wear the glasses didn't criticize any dudes.
experiment=npi_scope-npi=any-aux=didn't-licensor_embedded=0-npi_embedded=1-licensor_precede=0	0		the kid that couldn't wear a glasses didn't criticize the dudes.
experiment=npi_scope-npi=any-aux=can't-licensor_embedded=1-npi_embedded=0-licensor_precede=1	0		the kid that can't wear the glasses can't criticize any dudes.
experiment=npi_scope-npi=any-aux=can't-licensor_embedded=1-npi_embedded=1-licensor_precede=1	1		the kid that can't wear any glasses can't criticize the dudes.
experiment=npi_scope-npi=any-aux=can't-licensor_embedded=0-npi_embedded=0-licensor_precede=1	1		the actor who won't visit many guys can't see any women.
experiment=npi_scope-npi=any-aux=can't-licensor_embedded=0-npi_embedded=1-licensor_precede=0	0		the actor who won't visit a guys can't see some women.
experiment=npi_scope-npi=any-aux=won't-licensor_embedded=1-npi_embedded=0-licensor_precede=1	0		the actor who won't visit many guys won't see any women.
experiment=npi_scope-npi=any-aux=won't-licensor_embedded=1-npi_embedded=1-licensor_precede=1	1		the actor who won't visit any guys won't see some women.
experiment=npi_scope-npi=any-aux=hadn't-licensor_embedded=0-npi_embedded=0-licensor_precede=1	1		actors who haven't known guys hadn't referenced any teachers.
experiment=npi_scope-npi=any-aux=hadn't-licensor_embedded=0-npi_embedded=1-licensor_precede=0	0		actors who haven't known a guys hadn't referenced the teachers.
experiment=npi_scope-npi=any-aux=haven't-licensor_embedded=1-npi_embedded=0-licensor_precede=1	0		actors who haven't known guys hadn't referenced any teachers.
experiment=npi_scope-npi=any-aux=haven't-licensor_embedded=1-npi_embedded=1-licensor_precede=1	1		actors who haven't known any guys hadn't referenced the teachers.
experiment=npi_scope-npi=any-aux=wasn't-licensor_embedded=0-npi_embedded=0-licensor_precede=1	1		some patient who couldn't forget the doctors wasn't buying any books.
experiment=npi_scope-npi=any-aux=wasn't-licensor_embedded=0-npi_embedded=1-licensor_precede=0	0		some patient who couldn't forget a doctors wasn't buying the books.
experiment=npi_scope-npi=any-aux=can't-licensor_embedded=1-npi_embedded=0-licensor_precede=1	0		some patient who can't forget the doctors wasn't buying any books.
experiment=npi_scope-npi=any-aux=can't-licensor_embedded=1-npi_embedded=1-licensor_precede=1	1		some patient who can't forget any doctors wasn't buying the books.
