experiment=npi_scope-npi=any-aux=aren't-licensor_embedded=0-npi_embedded=0-licensor_precede=1	1		Many waitresses that are criticizing a lot of waiters aren't exploring any art galleries.
experiment=npi_scope-npi=any-aux=aren't-licensor_embedded=0-npi_embedded=1-licensor_precede=0	0		Many waitresses that are criticizing any waiters aren't exploring a lot of art galleries.
experiment=npi_scope-npi=any-aux=aren't-licensor_embedded=0-npi_embedded=0-licensor_precede=1	1		Many women who might escape from a lot of guys aren't attacking any boys.
experiment=npi_scope-npi=any-aux=aren't-licensor_embedded=0-npi_embedded=1-licensor_precede=0	0		Many women who might escape from any guys aren't attacking the boys.
experiment=npi_scope-npi=any-aux=aren't-licensor_embedded=0-npi_embedded=0-licensor_precede=1	1		Some waiters who have fled from some people aren't walking through any libraries.
experiment=npi_scope-npi=any-aux=aren't-licensor_embedded=0-npi_embedded=1-licensor_precede=0	0		Some waiters who have fled from any people aren't walking through some libraries.
experiment=npi_scope-npi=any-aux=hadn't-licensor_embedded=0-npi_embedded=0-licensor_precede=1	1		Some student that had examined a lot of movies hadn't been at any malls.
experiment=npi_scope-npi=any-aux=hadn't-licensor_embedded=0-npi_embedded=1-licensor_precede=0	0		Some student that had examined any movies hadn't been at some malls.
experiment=npi_scope-npi=any-aux=didn't-licensor_embedded=0-npi_embedded=0-licensor_precede=1	1		The waitresses that should walk through the libraries didn't examine any commentaries.
experiment=npi_scope-npi=any-aux=didn't-licensor_embedded=0-npi_embedded=1-licensor_precede=0	0		The waitresses that should walk through any libraries didn't examine commentaries.
experiment=npi_scope-npi=any-aux=didn't-licensor_embedded=0-npi_embedded=0-licensor_precede=1	1		A lot of drivers who will kiss a lot of students didn't bike to any libraries.
experiment=npi_scope-npi=any-aux=didn't-licensor_embedded=0-npi_embedded=1-licensor_precede=0	0		A lot of drivers who will kiss any students didn't bike to some libraries.
experiment=npi_scope-npi=any-aux=hadn't-licensor_embedded=0-npi_embedded=0-licensor_precede=1	1		Some men who have disliked documentaries hadn't loved any cashiers.
experiment=npi_scope-npi=any-aux=hadn't-licensor_embedded=0-npi_embedded=1-licensor_precede=0	0		Some men who have disliked any documentaries hadn't loved cashiers.
experiment=npi_scope-npi=any-aux=aren't-licensor_embedded=0-npi_embedded=0-licensor_precede=1	1		Gals that were bringing chairs aren't wearing any glasses.
experiment=npi_scope-npi=any-aux=aren't-licensor_embedded=0-npi_embedded=1-licensor_precede=0	0		Gals that were bringing any chairs aren't wearing some glasses.
experiment=npi_scope-npi=any-aux=didn't-licensor_embedded=0-npi_embedded=0-licensor_precede=1	1		A lot of books that are praising the documentaries didn't tour any public parks.
experiment=npi_scope-npi=any-aux=didn't-licensor_embedded=0-npi_embedded=1-licensor_precede=0	0		A lot of books that are praising any documentaries didn't tour some public parks.
experiment=npi_scope-npi=any-aux=hadn't-licensor_embedded=0-npi_embedded=0-licensor_precede=1	1		Many waiters who were listening to some people hadn't referenced any commentaries.
experiment=npi_scope-npi=any-aux=hadn't-licensor_embedded=0-npi_embedded=1-licensor_precede=0	0		Many waiters who were listening to any people hadn't referenced the commentaries.
experiment=npi_scope-npi=any-aux=aren't-licensor_embedded=0-npi_embedded=0-licensor_precede=1	1		A lot of waiters that have attacked waitresses aren't observing any adults.
experiment=npi_scope-npi=any-aux=aren't-licensor_embedded=0-npi_embedded=1-licensor_precede=0	0		A lot of waiters that have attacked any waitresses aren't observing a lot of adults.
experiment=npi_scope-npi=any-aux=wouldn't-licensor_embedded=0-npi_embedded=0-licensor_precede=1	1		Some pedestrian who might listen to some men wouldn't approach any guys.
experiment=npi_scope-npi=any-aux=wouldn't-licensor_embedded=0-npi_embedded=1-licensor_precede=0	0		Some pedestrian who might listen to any men wouldn't approach the guys.
experiment=npi_scope-npi=any-aux=wasn't-licensor_embedded=0-npi_embedded=0-licensor_precede=1	1		The lady who did have the gloves wasn't breaking any plates.
experiment=npi_scope-npi=any-aux=wasn't-licensor_embedded=0-npi_embedded=1-licensor_precede=0	0		The lady who did have any gloves wasn't breaking plates.
experiment=npi_scope-npi=any-aux=hasn't-licensor_embedded=0-npi_embedded=0-licensor_precede=1	1		The waiter who was selling some cups hasn't worn any glasses.
experiment=npi_scope-npi=any-aux=hasn't-licensor_embedded=0-npi_embedded=1-licensor_precede=0	0		The waiter who was selling any cups hasn't worn a lot of glasses.
experiment=npi_scope-npi=any-aux=hasn't-licensor_embedded=0-npi_embedded=0-licensor_precede=1	1		Some student that has taken many books hasn't lifted any couches.
experiment=npi_scope-npi=any-aux=hasn't-licensor_embedded=0-npi_embedded=1-licensor_precede=0	0		Some student that has taken any books hasn't lifted some couches.
experiment=npi_scope-npi=any-aux=don't-licensor_embedded=0-npi_embedded=0-licensor_precede=1	1		Girls that had toured hospitals don't clean any pants.
experiment=npi_scope-npi=any-aux=don't-licensor_embedded=0-npi_embedded=1-licensor_precede=0	0		Girls that had toured any hospitals don't clean a lot of pants.
experiment=npi_scope-npi=any-aux=hasn't-licensor_embedded=0-npi_embedded=0-licensor_precede=1	1		Some child who is referencing some students hasn't cared for any cashiers.
experiment=npi_scope-npi=any-aux=hasn't-licensor_embedded=0-npi_embedded=1-licensor_precede=0	0		Some child who is referencing any students hasn't cared for many cashiers.
experiment=npi_scope-npi=any-aux=don't-licensor_embedded=0-npi_embedded=0-licensor_precede=1	1		Humans that are hugging some waitresses don't pass any college campuses.
experiment=npi_scope-npi=any-aux=don't-licensor_embedded=0-npi_embedded=1-licensor_precede=0	0		Humans that are hugging any waitresses don't pass a lot of college campuses.
experiment=npi_scope-npi=any-aux=hadn't-licensor_embedded=0-npi_embedded=0-licensor_precede=1	1		Some man who will watch some drivers hadn't observed any gals.
experiment=npi_scope-npi=any-aux=hadn't-licensor_embedded=0-npi_embedded=1-licensor_precede=0	0		Some man who will watch any drivers hadn't observed a lot of gals.
experiment=npi_scope-npi=any-aux=didn't-licensor_embedded=0-npi_embedded=0-licensor_precede=1	1		The pedestrian who has cared for some guests didn't praise any essays.
experiment=npi_scope-npi=any-aux=didn't-licensor_embedded=0-npi_embedded=1-licensor_precede=0	0		The pedestrian who has cared for any guests didn't praise the essays.
experiment=npi_scope-npi=any-aux=couldn't-licensor_embedded=0-npi_embedded=0-licensor_precede=1	1		Many humans who were escaping from a lot of actresses couldn't clean any books.
experiment=npi_scope-npi=any-aux=couldn't-licensor_embedded=0-npi_embedded=1-licensor_precede=0	0		Many humans who were escaping from any actresses couldn't clean some books.
experiment=npi_scope-npi=any-aux=isn't-licensor_embedded=0-npi_embedded=0-licensor_precede=1	1		Some boy who is being at some libraries isn't approaching any pedestrians.
experiment=npi_scope-npi=any-aux=isn't-licensor_embedded=0-npi_embedded=1-licensor_precede=0	0		Some boy who is being at any libraries isn't approaching pedestrians.
experiment=npi_scope-npi=any-aux=haven't-licensor_embedded=0-npi_embedded=0-licensor_precede=1	1		A lot of teenagers that had passed some public parks haven't respected any customers.
experiment=npi_scope-npi=any-aux=haven't-licensor_embedded=0-npi_embedded=1-licensor_precede=0	0		A lot of teenagers that had passed any public parks haven't respected customers.
experiment=npi_scope-npi=any-aux=didn't-licensor_embedded=0-npi_embedded=0-licensor_precede=1	1		Guests that have boycotted some schools didn't wear any shoes.
experiment=npi_scope-npi=any-aux=didn't-licensor_embedded=0-npi_embedded=1-licensor_precede=0	0		Guests that have boycotted any schools didn't wear many shoes.
experiment=npi_scope-npi=any-aux=couldn't-licensor_embedded=0-npi_embedded=0-licensor_precede=1	1		A woman who was taking cups couldn't talk to any guys.
experiment=npi_scope-npi=any-aux=couldn't-licensor_embedded=0-npi_embedded=1-licensor_precede=0	0		A woman who was taking any cups couldn't talk to some guys.
experiment=npi_scope-npi=any-aux=don't-licensor_embedded=0-npi_embedded=0-licensor_precede=1	1		A lot of gals who have insulted a lot of commentaries don't break any chairs.
experiment=npi_scope-npi=any-aux=don't-licensor_embedded=0-npi_embedded=1-licensor_precede=0	0		A lot of gals who have insulted any commentaries don't break the chairs.
experiment=npi_scope-npi=any-aux=hasn't-licensor_embedded=0-npi_embedded=0-licensor_precede=1	1		Some essay that had described banks hasn't exited any high schools.
experiment=npi_scope-npi=any-aux=hasn't-licensor_embedded=0-npi_embedded=1-licensor_precede=0	0		Some essay that had described any banks hasn't exited many high schools.
experiment=npi_scope-npi=any-aux=couldn't-licensor_embedded=0-npi_embedded=0-licensor_precede=1	1		Many teachers who had walked through some schools couldn't hate any children.
experiment=npi_scope-npi=any-aux=couldn't-licensor_embedded=0-npi_embedded=1-licensor_precede=0	0		Many teachers who had walked through any schools couldn't hate children.
experiment=npi_scope-npi=any-aux=shouldn't-licensor_embedded=0-npi_embedded=0-licensor_precede=1	1		A lot of commentaries that are criticizing the high schools shouldn't praise any adults.
experiment=npi_scope-npi=any-aux=shouldn't-licensor_embedded=0-npi_embedded=1-licensor_precede=0	0		A lot of commentaries that are criticizing any high schools shouldn't praise a lot of adults.
experiment=npi_scope-npi=any-aux=can't-licensor_embedded=0-npi_embedded=0-licensor_precede=1	1		Some girl that might exit the banks can't tour any malls.
experiment=npi_scope-npi=any-aux=can't-licensor_embedded=0-npi_embedded=1-licensor_precede=0	0		Some girl that might exit any banks can't tour many malls.
experiment=npi_scope-npi=any-aux=wasn't-licensor_embedded=0-npi_embedded=0-licensor_precede=1	1		Some cashier that should respect a lot of college campuses wasn't escaping from any people.
experiment=npi_scope-npi=any-aux=wasn't-licensor_embedded=0-npi_embedded=1-licensor_precede=0	0		Some cashier that should respect any college campuses wasn't escaping from some people.
experiment=npi_scope-npi=any-aux=aren't-licensor_embedded=0-npi_embedded=0-licensor_precede=1	1		Some doctors who might wear a lot of shoes aren't passing any public parks.
experiment=npi_scope-npi=any-aux=aren't-licensor_embedded=0-npi_embedded=1-licensor_precede=0	0		Some doctors who might wear any shoes aren't passing some public parks.
experiment=npi_scope-npi=any-aux=wasn't-licensor_embedded=0-npi_embedded=0-licensor_precede=1	1		Some commentary that has criticized the actresses wasn't listening to any guests.
experiment=npi_scope-npi=any-aux=wasn't-licensor_embedded=0-npi_embedded=1-licensor_precede=0	0		Some commentary that has criticized any actresses wasn't listening to a lot of guests.
experiment=npi_scope-npi=any-aux=doesn't-licensor_embedded=0-npi_embedded=0-licensor_precede=1	1		Some doctor who should insult a lot of actors doesn't leave any men.
experiment=npi_scope-npi=any-aux=doesn't-licensor_embedded=0-npi_embedded=1-licensor_precede=0	0		Some doctor who should insult any actors doesn't leave men.
experiment=npi_scope-npi=any-aux=can't-licensor_embedded=0-npi_embedded=0-licensor_precede=1	1		The lady who could escape from women can't have any reports.
experiment=npi_scope-npi=any-aux=can't-licensor_embedded=0-npi_embedded=1-licensor_precede=0	0		The lady who could escape from any women can't have some reports.
experiment=npi_scope-npi=any-aux=haven't-licensor_embedded=0-npi_embedded=0-licensor_precede=1	1		Some teenagers who are going to a lot of museums haven't returned to any banks.
experiment=npi_scope-npi=any-aux=haven't-licensor_embedded=0-npi_embedded=1-licensor_precede=0	0		Some teenagers who are going to any museums haven't returned to many banks.
experiment=npi_scope-npi=any-aux=hasn't-licensor_embedded=0-npi_embedded=0-licensor_precede=1	1		The pedestrian who has returned to the patients hasn't watched any pedestrians.
experiment=npi_scope-npi=any-aux=hasn't-licensor_embedded=0-npi_embedded=1-licensor_precede=0	0		The pedestrian who has returned to any patients hasn't watched many pedestrians.
experiment=npi_scope-npi=any-aux=shouldn't-licensor_embedded=0-npi_embedded=0-licensor_precede=1	1		A lot of waitresses who have worn shoes shouldn't drop by any public parks.
experiment=npi_scope-npi=any-aux=shouldn't-licensor_embedded=0-npi_embedded=1-licensor_precede=0	0		A lot of waitresses who have worn any shoes shouldn't drop by a lot of public parks.
experiment=npi_scope-npi=any-aux=isn't-licensor_embedded=0-npi_embedded=0-licensor_precede=1	1		The adult that can tour some public parks isn't boycotting any banks.
experiment=npi_scope-npi=any-aux=isn't-licensor_embedded=0-npi_embedded=1-licensor_precede=0	0		The adult that can tour any public parks isn't boycotting a lot of banks.
experiment=npi_scope-npi=any-aux=can't-licensor_embedded=0-npi_embedded=0-licensor_precede=1	1		Some guy that could dislike the cafes can't have any gloves.
experiment=npi_scope-npi=any-aux=can't-licensor_embedded=0-npi_embedded=1-licensor_precede=0	0		Some guy that could dislike any cafes can't have some gloves.
experiment=npi_scope-npi=any-aux=don't-licensor_embedded=0-npi_embedded=0-licensor_precede=1	1		The children who were approaching some ladies don't bike to any banks.
experiment=npi_scope-npi=any-aux=don't-licensor_embedded=0-npi_embedded=1-licensor_precede=0	0		The children who were approaching any ladies don't bike to banks.
experiment=npi_scope-npi=any-aux=hasn't-licensor_embedded=0-npi_embedded=0-licensor_precede=1	1		A person that has kissed some actresses hasn't ran around any libraries.
experiment=npi_scope-npi=any-aux=hasn't-licensor_embedded=0-npi_embedded=1-licensor_precede=0	0		A person that has kissed any actresses hasn't ran around the libraries.
experiment=npi_scope-npi=any-aux=weren't-licensor_embedded=0-npi_embedded=0-licensor_precede=1	1		Adults who are returning to a lot of movie theaters weren't wearing any shoes.
experiment=npi_scope-npi=any-aux=weren't-licensor_embedded=0-npi_embedded=1-licensor_precede=0	0		Adults who are returning to any movie theaters weren't wearing some shoes.
experiment=npi_scope-npi=any-aux=wasn't-licensor_embedded=0-npi_embedded=0-licensor_precede=1	1		A man who had biked to some college campuses wasn't exiting any movie theaters.
experiment=npi_scope-npi=any-aux=wasn't-licensor_embedded=0-npi_embedded=1-licensor_precede=0	0		A man who had biked to any college campuses wasn't exiting a lot of movie theaters.
experiment=npi_scope-npi=any-aux=doesn't-licensor_embedded=0-npi_embedded=0-licensor_precede=1	1		A cashier that might remember the grocery stores doesn't dislike any movie theaters.
experiment=npi_scope-npi=any-aux=doesn't-licensor_embedded=0-npi_embedded=1-licensor_precede=0	0		A cashier that might remember any grocery stores doesn't dislike movie theaters.
experiment=npi_scope-npi=any-aux=hasn't-licensor_embedded=0-npi_embedded=0-licensor_precede=1	1		The gal who would escape from many guys hasn't admired any forks.
experiment=npi_scope-npi=any-aux=hasn't-licensor_embedded=0-npi_embedded=1-licensor_precede=0	0		The gal who would escape from any guys hasn't admired many forks.
experiment=npi_scope-npi=any-aux=wouldn't-licensor_embedded=0-npi_embedded=0-licensor_precede=1	1		The men that had examined the newspaper articles wouldn't exit any grocery stores.
experiment=npi_scope-npi=any-aux=wouldn't-licensor_embedded=0-npi_embedded=1-licensor_precede=0	0		The men that had examined any newspaper articles wouldn't exit some grocery stores.
experiment=npi_scope-npi=any-aux=won't-licensor_embedded=0-npi_embedded=0-licensor_precede=1	1		Some story that should praise the guests won't buy any newspaper articles.
experiment=npi_scope-npi=any-aux=won't-licensor_embedded=0-npi_embedded=1-licensor_precede=0	0		Some story that should praise any guests won't buy newspaper articles.
experiment=npi_scope-npi=any-aux=haven't-licensor_embedded=0-npi_embedded=0-licensor_precede=1	1		Some drivers that might attack many students haven't skated around any malls.
experiment=npi_scope-npi=any-aux=haven't-licensor_embedded=0-npi_embedded=1-licensor_precede=0	0		Some drivers that might attack any students haven't skated around the malls.
experiment=npi_scope-npi=any-aux=haven't-licensor_embedded=0-npi_embedded=0-licensor_precede=1	1		Some humans that were insulting a lot of women haven't ran around any art galleries.
experiment=npi_scope-npi=any-aux=haven't-licensor_embedded=0-npi_embedded=1-licensor_precede=0	0		Some humans that were insulting any women haven't ran around some art galleries.
experiment=npi_scope-npi=ever-aux=haven't-licensor_embedded=0-npi_embedded=0-licensor_precede=1	1		Many boys who do resemble many books haven't ever walked through some banks.
experiment=npi_scope-npi=ever-aux=haven't-licensor_embedded=0-npi_embedded=1-licensor_precede=0	0		Many boys who do ever resemble many books haven't walked through some banks.
experiment=npi_scope-npi=ever-aux=hadn't-licensor_embedded=0-npi_embedded=0-licensor_precede=1	1		A student who might sell many couches hadn't ever discussed stories.
experiment=npi_scope-npi=ever-aux=hadn't-licensor_embedded=0-npi_embedded=1-licensor_precede=0	0		A student who might ever sell many couches hadn't discussed stories.
experiment=npi_scope-npi=ever-aux=hadn't-licensor_embedded=0-npi_embedded=0-licensor_precede=1	1		The guest who should bike to many movie theaters hadn't ever hugged a lot of gals.
experiment=npi_scope-npi=ever-aux=hadn't-licensor_embedded=0-npi_embedded=1-licensor_precede=0	0		The guest who should ever bike to many movie theaters hadn't hugged a lot of gals.
experiment=npi_scope-npi=ever-aux=hadn't-licensor_embedded=0-npi_embedded=0-licensor_precede=1	1		Waitresses who could visit women hadn't ever passed some museums.
experiment=npi_scope-npi=ever-aux=hadn't-licensor_embedded=0-npi_embedded=1-licensor_precede=0	0		Waitresses who could ever visit women hadn't passed some museums.
experiment=npi_scope-npi=ever-aux=haven't-licensor_embedded=0-npi_embedded=0-licensor_precede=1	1		Some drivers that had disliked museums haven't ever criticized a lot of boys.
experiment=npi_scope-npi=ever-aux=haven't-licensor_embedded=0-npi_embedded=1-licensor_precede=0	0		Some drivers that had ever disliked museums haven't criticized a lot of boys.
experiment=npi_scope-npi=ever-aux=couldn't-licensor_embedded=0-npi_embedded=0-licensor_precede=1	1		Some lady who has driven to a lot of schools couldn't ever see many books.
experiment=npi_scope-npi=ever-aux=couldn't-licensor_embedded=0-npi_embedded=1-licensor_precede=0	0		Some lady who has ever driven to a lot of schools couldn't see many books.
experiment=npi_scope-npi=ever-aux=can't-licensor_embedded=0-npi_embedded=0-licensor_precede=1	1		Ladies who have praised a lot of guys can't ever explore restaurants.
experiment=npi_scope-npi=ever-aux=can't-licensor_embedded=0-npi_embedded=1-licensor_precede=0	0		Ladies who have ever praised a lot of guys can't explore restaurants.
experiment=npi_scope-npi=ever-aux=can't-licensor_embedded=0-npi_embedded=0-licensor_precede=1	1		An actress that would see a lot of couches can't ever reference a lot of teenagers.
experiment=npi_scope-npi=ever-aux=can't-licensor_embedded=0-npi_embedded=1-licensor_precede=0	0		An actress that would ever see a lot of couches can't reference a lot of teenagers.
experiment=npi_scope-npi=ever-aux=won't-licensor_embedded=0-npi_embedded=0-licensor_precede=1	1		The gals who might remember some grocery stores won't ever forget some people.
experiment=npi_scope-npi=ever-aux=won't-licensor_embedded=0-npi_embedded=1-licensor_precede=0	0		The gals who might ever remember some grocery stores won't forget some people.
experiment=npi_scope-npi=ever-aux=haven't-licensor_embedded=0-npi_embedded=0-licensor_precede=1	1		Many men that have fled from the cafes haven't ever kissed many teachers.
experiment=npi_scope-npi=ever-aux=haven't-licensor_embedded=0-npi_embedded=1-licensor_precede=0	0		Many men that have ever fled from the cafes haven't kissed many teachers.
experiment=npi_scope-npi=ever-aux=hadn't-licensor_embedded=0-npi_embedded=0-licensor_precede=1	1		Some doctor that could have some chairs hadn't ever talked to men.
experiment=npi_scope-npi=ever-aux=hadn't-licensor_embedded=0-npi_embedded=1-licensor_precede=0	0		Some doctor that could ever have some chairs hadn't talked to men.
experiment=npi_scope-npi=ever-aux=won't-licensor_embedded=0-npi_embedded=0-licensor_precede=1	1		The boys that have ran around the hospitals won't ever have many dishes.
experiment=npi_scope-npi=ever-aux=won't-licensor_embedded=0-npi_embedded=1-licensor_precede=0	0		The boys that have ever ran around the hospitals won't have many dishes.
experiment=npi_scope-npi=ever-aux=hasn't-licensor_embedded=0-npi_embedded=0-licensor_precede=1	1		The teenager who can go to a lot of cafes hasn't ever investigated some students.
experiment=npi_scope-npi=ever-aux=hasn't-licensor_embedded=0-npi_embedded=1-licensor_precede=0	0		The teenager who can ever go to a lot of cafes hasn't investigated some students.
experiment=npi_scope-npi=ever-aux=couldn't-licensor_embedded=0-npi_embedded=0-licensor_precede=1	1		People that had criticized the girls couldn't ever drive to a lot of grocery stores.
experiment=npi_scope-npi=ever-aux=couldn't-licensor_embedded=0-npi_embedded=1-licensor_precede=0	0		People that had ever criticized the girls couldn't drive to a lot of grocery stores.
experiment=npi_scope-npi=ever-aux=hasn't-licensor_embedded=0-npi_embedded=0-licensor_precede=1	1		Some girl who might explore some banks hasn't ever helped some doctors.
experiment=npi_scope-npi=ever-aux=hasn't-licensor_embedded=0-npi_embedded=1-licensor_precede=0	0		Some girl who might ever explore some banks hasn't helped some doctors.
experiment=npi_scope-npi=ever-aux=doesn't-licensor_embedded=0-npi_embedded=0-licensor_precede=1	1		The newspaper article that had praised waiters doesn't ever discuss many plays.
experiment=npi_scope-npi=ever-aux=doesn't-licensor_embedded=0-npi_embedded=1-licensor_precede=0	0		The newspaper article that had ever praised waiters doesn't discuss many plays.
experiment=npi_scope-npi=ever-aux=hadn't-licensor_embedded=0-npi_embedded=0-licensor_precede=1	1		The people that would forget the plays hadn't ever brought a lot of couches.
experiment=npi_scope-npi=ever-aux=hadn't-licensor_embedded=0-npi_embedded=1-licensor_precede=0	0		The people that would ever forget the plays hadn't brought a lot of couches.
experiment=npi_scope-npi=ever-aux=hadn't-licensor_embedded=0-npi_embedded=0-licensor_precede=1	1		The pedestrians that had respected guests hadn't ever referenced the actresses.
experiment=npi_scope-npi=ever-aux=hadn't-licensor_embedded=0-npi_embedded=1-licensor_precede=0	0		The pedestrians that had ever respected guests hadn't referenced the actresses.
experiment=npi_scope-npi=ever-aux=haven't-licensor_embedded=0-npi_embedded=0-licensor_precede=1	1		Many men that have escaped from some restaurants haven't ever scanned the books.
experiment=npi_scope-npi=ever-aux=haven't-licensor_embedded=0-npi_embedded=1-licensor_precede=0	0		Many men that have ever escaped from some restaurants haven't scanned the books.
experiment=npi_scope-npi=ever-aux=hasn't-licensor_embedded=0-npi_embedded=0-licensor_precede=1	1		The book that will praise some men hasn't ever referenced a lot of waitresses.
experiment=npi_scope-npi=ever-aux=hasn't-licensor_embedded=0-npi_embedded=1-licensor_precede=0	0		The book that will ever praise some men hasn't referenced a lot of waitresses.
experiment=npi_scope-npi=ever-aux=hasn't-licensor_embedded=0-npi_embedded=0-licensor_precede=1	1		A pedestrian who has disliked some cashiers hasn't ever broken many cars.
experiment=npi_scope-npi=ever-aux=hasn't-licensor_embedded=0-npi_embedded=1-licensor_precede=0	0		A pedestrian who has ever disliked some cashiers hasn't broken many cars.
experiment=npi_scope-npi=ever-aux=hadn't-licensor_embedded=0-npi_embedded=0-licensor_precede=1	1		Some waiter that should remember patients hadn't ever cared for a lot of actors.
experiment=npi_scope-npi=ever-aux=hadn't-licensor_embedded=0-npi_embedded=1-licensor_precede=0	0		Some waiter that should ever remember patients hadn't cared for a lot of actors.
experiment=npi_scope-npi=ever-aux=haven't-licensor_embedded=0-npi_embedded=0-licensor_precede=1	1		Some ladies that do listen to a lot of humans haven't ever seen many books.
experiment=npi_scope-npi=ever-aux=haven't-licensor_embedded=0-npi_embedded=1-licensor_precede=0	0		Some ladies that do ever listen to a lot of humans haven't seen many books.
experiment=npi_scope-npi=ever-aux=hasn't-licensor_embedded=0-npi_embedded=0-licensor_precede=1	1		A guest who has lifted some books hasn't ever been at a lot of college campuses.
experiment=npi_scope-npi=ever-aux=hasn't-licensor_embedded=0-npi_embedded=1-licensor_precede=0	0		A guest who has ever lifted some books hasn't been at a lot of college campuses.
experiment=npi_scope-npi=ever-aux=hasn't-licensor_embedded=0-npi_embedded=0-licensor_precede=1	1		The person who can hug teachers hasn't ever examined essays.
experiment=npi_scope-npi=ever-aux=hasn't-licensor_embedded=0-npi_embedded=1-licensor_precede=0	0		The person who can ever hug teachers hasn't examined essays.
experiment=npi_scope-npi=ever-aux=hasn't-licensor_embedded=0-npi_embedded=0-licensor_precede=1	1		The teacher that had praised many newspaper articles hasn't ever skated around many public parks.
experiment=npi_scope-npi=ever-aux=hasn't-licensor_embedded=0-npi_embedded=1-licensor_precede=0	0		The teacher that had ever praised many newspaper articles hasn't skated around many public parks.
experiment=npi_scope-npi=ever-aux=haven't-licensor_embedded=0-npi_embedded=0-licensor_precede=1	1		Doctors who have passed the schools haven't ever cared for cashiers.
experiment=npi_scope-npi=ever-aux=haven't-licensor_embedded=0-npi_embedded=1-licensor_precede=0	0		Doctors who have ever passed the schools haven't cared for cashiers.
experiment=npi_scope-npi=ever-aux=hadn't-licensor_embedded=0-npi_embedded=0-licensor_precede=1	1		The person who had seen many couches hadn't ever investigated a lot of art galleries.
experiment=npi_scope-npi=ever-aux=hadn't-licensor_embedded=0-npi_embedded=1-licensor_precede=0	0		The person who had ever seen many couches hadn't investigated a lot of art galleries.
experiment=npi_scope-npi=ever-aux=wouldn't-licensor_embedded=0-npi_embedded=0-licensor_precede=1	1		Many adults that would investigate some teenagers wouldn't ever lift cars.
experiment=npi_scope-npi=ever-aux=wouldn't-licensor_embedded=0-npi_embedded=1-licensor_precede=0	0		Many adults that would ever investigate some teenagers wouldn't lift cars.
experiment=npi_scope-npi=ever-aux=hadn't-licensor_embedded=0-npi_embedded=0-licensor_precede=1	1		Many humans that will go to a lot of restaurants hadn't ever cared for the cashiers.
experiment=npi_scope-npi=ever-aux=hadn't-licensor_embedded=0-npi_embedded=1-licensor_precede=0	0		Many humans that will ever go to a lot of restaurants hadn't cared for the cashiers.
experiment=npi_scope-npi=ever-aux=can't-licensor_embedded=0-npi_embedded=0-licensor_precede=1	1		A lot of guys that had listened to some actors can't ever walk through some college campuses.
experiment=npi_scope-npi=ever-aux=can't-licensor_embedded=0-npi_embedded=1-licensor_precede=0	0		A lot of guys that had ever listened to some actors can't walk through some college campuses.
experiment=npi_scope-npi=ever-aux=shouldn't-licensor_embedded=0-npi_embedded=0-licensor_precede=1	1		The ladies that do walk through many public parks shouldn't ever lift glasses.
experiment=npi_scope-npi=ever-aux=shouldn't-licensor_embedded=0-npi_embedded=1-licensor_precede=0	0		The ladies that do ever walk through many public parks shouldn't lift glasses.
experiment=npi_scope-npi=ever-aux=haven't-licensor_embedded=0-npi_embedded=0-licensor_precede=1	1		The boys that had explored the college campuses haven't ever hugged many waitresses.
experiment=npi_scope-npi=ever-aux=haven't-licensor_embedded=0-npi_embedded=1-licensor_precede=0	0		The boys that had ever explored the college campuses haven't hugged many waitresses.
experiment=npi_scope-npi=ever-aux=won't-licensor_embedded=0-npi_embedded=0-licensor_precede=1	1		A lot of girls that should criticize the guys won't ever break a lot of plates.
experiment=npi_scope-npi=ever-aux=won't-licensor_embedded=0-npi_embedded=1-licensor_precede=0	0		A lot of girls that should ever criticize the guys won't break a lot of plates.
experiment=npi_scope-npi=ever-aux=doesn't-licensor_embedded=0-npi_embedded=0-licensor_precede=1	1		A man who should help a lot of ladies doesn't ever clean a lot of chairs.
experiment=npi_scope-npi=ever-aux=doesn't-licensor_embedded=0-npi_embedded=1-licensor_precede=0	0		A man who should ever help a lot of ladies doesn't clean a lot of chairs.
experiment=npi_scope-npi=ever-aux=hadn't-licensor_embedded=0-npi_embedded=0-licensor_precede=1	1		Some woman that does escape from some guys hadn't ever talked about many ladies.
experiment=npi_scope-npi=ever-aux=hadn't-licensor_embedded=0-npi_embedded=1-licensor_precede=0	0		Some woman that does ever escape from some guys hadn't talked about many ladies.
experiment=npi_scope-npi=ever-aux=doesn't-licensor_embedded=0-npi_embedded=0-licensor_precede=1	1		A waiter that has loved a lot of people doesn't ever remember the essays.
experiment=npi_scope-npi=ever-aux=doesn't-licensor_embedded=0-npi_embedded=1-licensor_precede=0	0		A waiter that has ever loved a lot of people doesn't remember the essays.
experiment=npi_scope-npi=ever-aux=won't-licensor_embedded=0-npi_embedded=0-licensor_precede=1	1		Actors who did help waitresses won't ever respect some cashiers.
experiment=npi_scope-npi=ever-aux=won't-licensor_embedded=0-npi_embedded=1-licensor_precede=0	0		Actors who did ever help waitresses won't respect some cashiers.
experiment=npi_scope-npi=ever-aux=hadn't-licensor_embedded=0-npi_embedded=0-licensor_precede=1	1		Some teachers who have worked with a lot of humans hadn't ever walked through many high schools.
experiment=npi_scope-npi=ever-aux=hadn't-licensor_embedded=0-npi_embedded=1-licensor_precede=0	0		Some teachers who have ever worked with a lot of humans hadn't walked through many high schools.
experiment=npi_scope-npi=ever-aux=hadn't-licensor_embedded=0-npi_embedded=0-licensor_precede=1	1		The person who will have rugs hadn't ever dropped by the libraries.
experiment=npi_scope-npi=ever-aux=hadn't-licensor_embedded=0-npi_embedded=1-licensor_precede=0	0		The person who will ever have rugs hadn't dropped by the libraries.
experiment=npi_scope-npi=ever-aux=hadn't-licensor_embedded=0-npi_embedded=0-licensor_precede=1	1		Guests that did approach the customers hadn't ever talked to the men.
experiment=npi_scope-npi=ever-aux=hadn't-licensor_embedded=0-npi_embedded=1-licensor_precede=0	0		Guests that did ever approach the customers hadn't talked to the men.
experiment=npi_scope-npi=ever-aux=haven't-licensor_embedded=0-npi_embedded=0-licensor_precede=1	1		Humans that could return to a lot of hospitals haven't ever exited many grocery stores.
experiment=npi_scope-npi=ever-aux=haven't-licensor_embedded=0-npi_embedded=1-licensor_precede=0	0		Humans that could ever return to a lot of hospitals haven't exited many grocery stores.
experiment=npi_scope-npi=ever-aux=hadn't-licensor_embedded=0-npi_embedded=0-licensor_precede=1	1		Some teacher that would lift many forks hadn't ever dropped by the public parks.
experiment=npi_scope-npi=ever-aux=hadn't-licensor_embedded=0-npi_embedded=1-licensor_precede=0	0		Some teacher that would ever lift many forks hadn't dropped by the public parks.
experiment=npi_scope-npi=ever-aux=hadn't-licensor_embedded=0-npi_embedded=0-licensor_precede=1	1		A lady that had described guys hadn't ever toured a lot of movie theaters.
experiment=npi_scope-npi=ever-aux=hadn't-licensor_embedded=0-npi_embedded=1-licensor_precede=0	0		A lady that had ever described guys hadn't toured a lot of movie theaters.
experiment=npi_scope-npi=ever-aux=hasn't-licensor_embedded=0-npi_embedded=0-licensor_precede=1	1		The adult who could boycott a lot of cafes hasn't ever brought glasses.
experiment=npi_scope-npi=ever-aux=hasn't-licensor_embedded=0-npi_embedded=1-licensor_precede=0	0		The adult who could ever boycott a lot of cafes hasn't brought glasses.
experiment=npi_scope-npi=ever-aux=can't-licensor_embedded=0-npi_embedded=0-licensor_precede=1	1		Some adults that should listen to the pedestrians can't ever escape from some teachers.
experiment=npi_scope-npi=ever-aux=can't-licensor_embedded=0-npi_embedded=1-licensor_precede=0	0		Some adults that should ever listen to the pedestrians can't escape from some teachers.
experiment=npi_scope-npi=ever-aux=couldn't-licensor_embedded=0-npi_embedded=0-licensor_precede=1	1		The guest who can walk through malls couldn't ever attack the humans.
experiment=npi_scope-npi=ever-aux=couldn't-licensor_embedded=0-npi_embedded=1-licensor_precede=0	0		The guest who can ever walk through malls couldn't attack the humans.
experiment=npi_scope-npi=ever-aux=didn't-licensor_embedded=0-npi_embedded=0-licensor_precede=1	1		Some girl that can talk about the people didn't ever bike to some libraries.
experiment=npi_scope-npi=ever-aux=didn't-licensor_embedded=0-npi_embedded=1-licensor_precede=0	0		Some girl that can ever talk about the people didn't bike to some libraries.
experiment=npi_scope-npi=ever-aux=hasn't-licensor_embedded=0-npi_embedded=0-licensor_precede=1	1		The student that could like some men hasn't ever kissed the women.
experiment=npi_scope-npi=ever-aux=hasn't-licensor_embedded=0-npi_embedded=1-licensor_precede=0	0		The student that could ever like some men hasn't kissed the women.
experiment=npi_scope-npi=ever-aux=wouldn't-licensor_embedded=0-npi_embedded=0-licensor_precede=1	1		A gal who did admire students wouldn't ever clean the rugs.
experiment=npi_scope-npi=ever-aux=wouldn't-licensor_embedded=0-npi_embedded=1-licensor_precede=0	0		A gal who did ever admire students wouldn't clean the rugs.
experiment=npi_scope-npi=yet-aux=shouldn't-licensor_embedded=0-npi_embedded=0-licensor_precede=1	1		Some books that were praising teachers shouldn't bike to many banks yet.
experiment=npi_scope-npi=yet-aux=shouldn't-licensor_embedded=0-npi_embedded=1-licensor_precede=0	0		Some books that were praising teachers yet shouldn't bike to many banks.
experiment=npi_scope-npi=yet-aux=hasn't-licensor_embedded=0-npi_embedded=0-licensor_precede=1	1		The cashier that has observed many people hasn't lifted some glasses yet.
experiment=npi_scope-npi=yet-aux=hasn't-licensor_embedded=0-npi_embedded=1-licensor_precede=0	0		The cashier that has observed many people yet hasn't lifted some glasses.
experiment=npi_scope-npi=yet-aux=hasn't-licensor_embedded=0-npi_embedded=0-licensor_precede=1	1		The teenager who has discussed some children hasn't examined a lot of commentaries yet.
experiment=npi_scope-npi=yet-aux=hasn't-licensor_embedded=0-npi_embedded=1-licensor_precede=0	0		The teenager who has discussed some children yet hasn't examined a lot of commentaries.
experiment=npi_scope-npi=yet-aux=don't-licensor_embedded=0-npi_embedded=0-licensor_precede=1	1		The teachers who would talk about the women don't scan a lot of reports yet.
experiment=npi_scope-npi=yet-aux=don't-licensor_embedded=0-npi_embedded=1-licensor_precede=0	0		The teachers who would talk about the women yet don't scan a lot of reports.
experiment=npi_scope-npi=yet-aux=won't-licensor_embedded=0-npi_embedded=0-licensor_precede=1	1		Girls that will drop by many libraries won't bike to a lot of art galleries yet.
experiment=npi_scope-npi=yet-aux=won't-licensor_embedded=0-npi_embedded=1-licensor_precede=0	0		Girls that will drop by many libraries yet won't bike to a lot of art galleries.
experiment=npi_scope-npi=yet-aux=wasn't-licensor_embedded=0-npi_embedded=0-licensor_precede=1	1		Some woman that might work with some waiters wasn't buying a lot of cups yet.
experiment=npi_scope-npi=yet-aux=wasn't-licensor_embedded=0-npi_embedded=1-licensor_precede=0	0		Some woman that might work with some waiters yet wasn't buying a lot of cups.
experiment=npi_scope-npi=yet-aux=can't-licensor_embedded=0-npi_embedded=0-licensor_precede=1	1		A lot of guys who had biked to many malls can't tour many college campuses yet.
experiment=npi_scope-npi=yet-aux=can't-licensor_embedded=0-npi_embedded=1-licensor_precede=0	0		A lot of guys who had biked to many malls yet can't tour many college campuses.
experiment=npi_scope-npi=yet-aux=isn't-licensor_embedded=0-npi_embedded=0-licensor_precede=1	1		The pedestrian who has arrived at many malls isn't fleeing from the women yet.
experiment=npi_scope-npi=yet-aux=isn't-licensor_embedded=0-npi_embedded=1-licensor_precede=0	0		The pedestrian who has arrived at many malls yet isn't fleeing from the women.
experiment=npi_scope-npi=yet-aux=isn't-licensor_embedded=0-npi_embedded=0-licensor_precede=1	1		Some driver who might bike to a lot of grocery stores isn't exploring cafes yet.
experiment=npi_scope-npi=yet-aux=isn't-licensor_embedded=0-npi_embedded=1-licensor_precede=0	0		Some driver who might bike to a lot of grocery stores yet isn't exploring cafes.
experiment=npi_scope-npi=yet-aux=haven't-licensor_embedded=0-npi_embedded=0-licensor_precede=1	1		The doctors who had hated the waiters haven't toured a lot of public parks yet.
experiment=npi_scope-npi=yet-aux=haven't-licensor_embedded=0-npi_embedded=1-licensor_precede=0	0		The doctors who had hated the waiters yet haven't toured a lot of public parks.
experiment=npi_scope-npi=yet-aux=wouldn't-licensor_embedded=0-npi_embedded=0-licensor_precede=1	1		A story that should praise a lot of drivers wouldn't discuss many malls yet.
experiment=npi_scope-npi=yet-aux=wouldn't-licensor_embedded=0-npi_embedded=1-licensor_precede=0	0		A story that should praise a lot of drivers yet wouldn't discuss many malls.
experiment=npi_scope-npi=yet-aux=don't-licensor_embedded=0-npi_embedded=0-licensor_precede=1	1		The students who would praise actors don't visit some patients yet.
experiment=npi_scope-npi=yet-aux=don't-licensor_embedded=0-npi_embedded=1-licensor_precede=0	0		The students who would praise actors yet don't visit some patients.
experiment=npi_scope-npi=yet-aux=aren't-licensor_embedded=0-npi_embedded=0-licensor_precede=1	1		Some guys who are describing doctors aren't hugging a lot of guests yet.
experiment=npi_scope-npi=yet-aux=aren't-licensor_embedded=0-npi_embedded=1-licensor_precede=0	0		Some guys who are describing doctors yet aren't hugging a lot of guests.
experiment=npi_scope-npi=yet-aux=shouldn't-licensor_embedded=0-npi_embedded=0-licensor_precede=1	1		A lot of men that had broken many dishes shouldn't sell many rugs yet.
experiment=npi_scope-npi=yet-aux=shouldn't-licensor_embedded=0-npi_embedded=1-licensor_precede=0	0		A lot of men that had broken many dishes yet shouldn't sell many rugs.
experiment=npi_scope-npi=yet-aux=aren't-licensor_embedded=0-npi_embedded=0-licensor_precede=1	1		Some people who are hugging some guests aren't passing the restaurants yet.
experiment=npi_scope-npi=yet-aux=aren't-licensor_embedded=0-npi_embedded=1-licensor_precede=0	0		Some people who are hugging some guests yet aren't passing the restaurants.
experiment=npi_scope-npi=yet-aux=can't-licensor_embedded=0-npi_embedded=0-licensor_precede=1	1		The driver who would arrive at many cafes can't tour a lot of art galleries yet.
experiment=npi_scope-npi=yet-aux=can't-licensor_embedded=0-npi_embedded=1-licensor_precede=0	0		The driver who would arrive at many cafes yet can't tour a lot of art galleries.
experiment=npi_scope-npi=yet-aux=hasn't-licensor_embedded=0-npi_embedded=0-licensor_precede=1	1		Some customer who did discuss the guests hasn't investigated the actresses yet.
experiment=npi_scope-npi=yet-aux=hasn't-licensor_embedded=0-npi_embedded=1-licensor_precede=0	0		Some customer who did discuss the guests yet hasn't investigated the actresses.
experiment=npi_scope-npi=yet-aux=won't-licensor_embedded=0-npi_embedded=0-licensor_precede=1	1		A lot of patients that were helping students won't hug a lot of teachers yet.
experiment=npi_scope-npi=yet-aux=won't-licensor_embedded=0-npi_embedded=1-licensor_precede=0	0		A lot of patients that were helping students yet won't hug a lot of teachers.
experiment=npi_scope-npi=yet-aux=shouldn't-licensor_embedded=0-npi_embedded=0-licensor_precede=1	1		Many women who are selling a lot of dishes shouldn't drive to a lot of cafes yet.
experiment=npi_scope-npi=yet-aux=shouldn't-licensor_embedded=0-npi_embedded=1-licensor_precede=0	0		Many women who are selling a lot of dishes yet shouldn't drive to a lot of cafes.
experiment=npi_scope-npi=yet-aux=hasn't-licensor_embedded=0-npi_embedded=0-licensor_precede=1	1		Some patient who has admired the couches hasn't arrived at a lot of art galleries yet.
experiment=npi_scope-npi=yet-aux=hasn't-licensor_embedded=0-npi_embedded=1-licensor_precede=0	0		Some patient who has admired the couches yet hasn't arrived at a lot of art galleries.
experiment=npi_scope-npi=yet-aux=shouldn't-licensor_embedded=0-npi_embedded=0-licensor_precede=1	1		The pedestrian that was buying the gloves shouldn't flee from waitresses yet.
experiment=npi_scope-npi=yet-aux=shouldn't-licensor_embedded=0-npi_embedded=1-licensor_precede=0	0		The pedestrian that was buying the gloves yet shouldn't flee from waitresses.
experiment=npi_scope-npi=yet-aux=doesn't-licensor_embedded=0-npi_embedded=0-licensor_precede=1	1		A gal who was investigating actresses doesn't arrive at the art galleries yet.
experiment=npi_scope-npi=yet-aux=doesn't-licensor_embedded=0-npi_embedded=1-licensor_precede=0	0		A gal who was investigating actresses yet doesn't arrive at the art galleries.
experiment=npi_scope-npi=yet-aux=wasn't-licensor_embedded=0-npi_embedded=0-licensor_precede=1	1		A waitress that is attacking a lot of ladies wasn't examining a lot of essays yet.
experiment=npi_scope-npi=yet-aux=wasn't-licensor_embedded=0-npi_embedded=1-licensor_precede=0	0		A waitress that is attacking a lot of ladies yet wasn't examining a lot of essays.
experiment=npi_scope-npi=yet-aux=haven't-licensor_embedded=0-npi_embedded=0-licensor_precede=1	1		Some men that had visited some women haven't explored many movie theaters yet.
experiment=npi_scope-npi=yet-aux=haven't-licensor_embedded=0-npi_embedded=1-licensor_precede=0	0		Some men that had visited some women yet haven't explored many movie theaters.
experiment=npi_scope-npi=yet-aux=hadn't-licensor_embedded=0-npi_embedded=0-licensor_precede=1	1		Actresses who did love the girls hadn't respected some guys yet.
experiment=npi_scope-npi=yet-aux=hadn't-licensor_embedded=0-npi_embedded=1-licensor_precede=0	0		Actresses who did love the girls yet hadn't respected some guys.
experiment=npi_scope-npi=yet-aux=wasn't-licensor_embedded=0-npi_embedded=0-licensor_precede=1	1		Some doctor who is exiting cafes wasn't escaping from some banks yet.
experiment=npi_scope-npi=yet-aux=wasn't-licensor_embedded=0-npi_embedded=1-licensor_precede=0	0		Some doctor who is exiting cafes yet wasn't escaping from some banks.
experiment=npi_scope-npi=yet-aux=hadn't-licensor_embedded=0-npi_embedded=0-licensor_precede=1	1		Some human that has been at some movie theaters hadn't attacked guys yet.
experiment=npi_scope-npi=yet-aux=hadn't-licensor_embedded=0-npi_embedded=1-licensor_precede=0	0		Some human that has been at some movie theaters yet hadn't attacked guys.
experiment=npi_scope-npi=yet-aux=aren't-licensor_embedded=0-npi_embedded=0-licensor_precede=1	1		Some customers who had arrived at a lot of movie theaters aren't being at the college campuses yet.
experiment=npi_scope-npi=yet-aux=aren't-licensor_embedded=0-npi_embedded=1-licensor_precede=0	0		Some customers who had arrived at a lot of movie theaters yet aren't being at the college campuses.
experiment=npi_scope-npi=yet-aux=wouldn't-licensor_embedded=0-npi_embedded=0-licensor_precede=1	1		A doctor who was cleaning a lot of books wouldn't talk about patients yet.
experiment=npi_scope-npi=yet-aux=wouldn't-licensor_embedded=0-npi_embedded=1-licensor_precede=0	0		A doctor who was cleaning a lot of books yet wouldn't talk about patients.
experiment=npi_scope-npi=yet-aux=haven't-licensor_embedded=0-npi_embedded=0-licensor_precede=1	1		Many children that did escape from many guys haven't respected a lot of ladies yet.
experiment=npi_scope-npi=yet-aux=haven't-licensor_embedded=0-npi_embedded=1-licensor_precede=0	0		Many children that did escape from many guys yet haven't respected a lot of ladies.
experiment=npi_scope-npi=yet-aux=won't-licensor_embedded=0-npi_embedded=0-licensor_precede=1	1		An actress who has gone to the college campuses won't leave the girls yet.
experiment=npi_scope-npi=yet-aux=won't-licensor_embedded=0-npi_embedded=1-licensor_precede=0	0		An actress who has gone to the college campuses yet won't leave the girls.
experiment=npi_scope-npi=yet-aux=can't-licensor_embedded=0-npi_embedded=0-licensor_precede=1	1		Some waiter that could work with some cashiers can't exit the art galleries yet.
experiment=npi_scope-npi=yet-aux=can't-licensor_embedded=0-npi_embedded=1-licensor_precede=0	0		Some waiter that could work with some cashiers yet can't exit the art galleries.
experiment=npi_scope-npi=yet-aux=haven't-licensor_embedded=0-npi_embedded=0-licensor_precede=1	1		A lot of cashiers that will return to a lot of customers haven't observed the guests yet.
experiment=npi_scope-npi=yet-aux=haven't-licensor_embedded=0-npi_embedded=1-licensor_precede=0	0		A lot of cashiers that will return to a lot of customers yet haven't observed the guests.
experiment=npi_scope-npi=yet-aux=isn't-licensor_embedded=0-npi_embedded=0-licensor_precede=1	1		The woman that had hated a lot of doctors isn't referencing a lot of boys yet.
experiment=npi_scope-npi=yet-aux=isn't-licensor_embedded=0-npi_embedded=1-licensor_precede=0	0		The woman that had hated a lot of doctors yet isn't referencing a lot of boys.
experiment=npi_scope-npi=yet-aux=didn't-licensor_embedded=0-npi_embedded=0-licensor_precede=1	1		A guy who can praise drivers didn't go to the college campuses yet.
experiment=npi_scope-npi=yet-aux=didn't-licensor_embedded=0-npi_embedded=1-licensor_precede=0	0		A guy who can praise drivers yet didn't go to the college campuses.
experiment=npi_scope-npi=yet-aux=aren't-licensor_embedded=0-npi_embedded=0-licensor_precede=1	1		Many actors who have exited a lot of college campuses aren't investigating the students yet.
experiment=npi_scope-npi=yet-aux=aren't-licensor_embedded=0-npi_embedded=1-licensor_precede=0	0		Many actors who have exited a lot of college campuses yet aren't investigating the students.
experiment=npi_scope-npi=yet-aux=couldn't-licensor_embedded=0-npi_embedded=0-licensor_precede=1	1		A lot of girls who were approaching a lot of ladies couldn't hug a lot of actresses yet.
experiment=npi_scope-npi=yet-aux=couldn't-licensor_embedded=0-npi_embedded=1-licensor_precede=0	0		A lot of girls who were approaching a lot of ladies yet couldn't hug a lot of actresses.
experiment=npi_scope-npi=yet-aux=won't-licensor_embedded=0-npi_embedded=0-licensor_precede=1	1		A guest who has arrived at many libraries won't investigate a lot of guests yet.
experiment=npi_scope-npi=yet-aux=won't-licensor_embedded=0-npi_embedded=1-licensor_precede=0	0		A guest who has arrived at many libraries yet won't investigate a lot of guests.
experiment=npi_scope-npi=yet-aux=hadn't-licensor_embedded=0-npi_embedded=0-licensor_precede=1	1		A lot of teachers who are describing many movies hadn't toured the hospitals yet.
experiment=npi_scope-npi=yet-aux=hadn't-licensor_embedded=0-npi_embedded=1-licensor_precede=0	0		A lot of teachers who are describing many movies yet hadn't toured the hospitals.
experiment=npi_scope-npi=yet-aux=wasn't-licensor_embedded=0-npi_embedded=0-licensor_precede=1	1		The boy that can dislike many guys wasn't driving to some public parks yet.
experiment=npi_scope-npi=yet-aux=wasn't-licensor_embedded=0-npi_embedded=1-licensor_precede=0	0		The boy that can dislike many guys yet wasn't driving to some public parks.
experiment=npi_scope-npi=yet-aux=couldn't-licensor_embedded=0-npi_embedded=0-licensor_precede=1	1		A lot of humans who have disliked customers couldn't examine many reports yet.
experiment=npi_scope-npi=yet-aux=couldn't-licensor_embedded=0-npi_embedded=1-licensor_precede=0	0		A lot of humans who have disliked customers yet couldn't examine many reports.
experiment=npi_scope-npi=yet-aux=hasn't-licensor_embedded=0-npi_embedded=0-licensor_precede=1	1		The customer that would examine the documentaries hasn't hugged the teachers yet.
experiment=npi_scope-npi=yet-aux=hasn't-licensor_embedded=0-npi_embedded=1-licensor_precede=0	0		The customer that would examine the documentaries yet hasn't hugged the teachers.
experiment=npi_scope-npi=yet-aux=wouldn't-licensor_embedded=0-npi_embedded=0-licensor_precede=1	1		A driver who had criticized a lot of drivers wouldn't flee from many gals yet.
experiment=npi_scope-npi=yet-aux=wouldn't-licensor_embedded=0-npi_embedded=1-licensor_precede=0	0		A driver who had criticized a lot of drivers yet wouldn't flee from many gals.
experiment=npi_scope-npi=yet-aux=hadn't-licensor_embedded=0-npi_embedded=0-licensor_precede=1	1		A doctor who could forget some guests hadn't seen many men yet.
experiment=npi_scope-npi=yet-aux=hadn't-licensor_embedded=0-npi_embedded=1-licensor_precede=0	0		A doctor who could forget some guests yet hadn't seen many men.
experiment=npi_scope-npi=yet-aux=wouldn't-licensor_embedded=0-npi_embedded=0-licensor_precede=1	1		A man who did bring many reports wouldn't work with cashiers yet.
experiment=npi_scope-npi=yet-aux=wouldn't-licensor_embedded=0-npi_embedded=1-licensor_precede=0	0		A man who did bring many reports yet wouldn't work with cashiers.
experiment=npi_scope-npi=yet-aux=aren't-licensor_embedded=0-npi_embedded=0-licensor_precede=1	1		The gals who will arrive at some public parks aren't taking couches yet.
experiment=npi_scope-npi=yet-aux=aren't-licensor_embedded=0-npi_embedded=1-licensor_precede=0	0		The gals who will arrive at some public parks yet aren't taking couches.
experiment=npi_scope-npi=yet-aux=haven't-licensor_embedded=0-npi_embedded=0-licensor_precede=1	1		A lot of children that were biking to banks haven't referenced the stories yet.
experiment=npi_scope-npi=yet-aux=haven't-licensor_embedded=0-npi_embedded=1-licensor_precede=0	0		A lot of children that were biking to banks yet haven't referenced the stories.
experiment=npi_scope-npi=yet-aux=wasn't-licensor_embedded=0-npi_embedded=0-licensor_precede=1	1		Some gal that had ran around a lot of high schools wasn't selling many forks yet.
experiment=npi_scope-npi=yet-aux=wasn't-licensor_embedded=0-npi_embedded=1-licensor_precede=0	0		Some gal that had ran around a lot of high schools yet wasn't selling many forks.
experiment=npi_scope-npi=yet-aux=aren't-licensor_embedded=0-npi_embedded=0-licensor_precede=1	1		Some cashiers who could have many dishes aren't insulting some malls yet.
experiment=npi_scope-npi=yet-aux=aren't-licensor_embedded=0-npi_embedded=1-licensor_precede=0	0		Some cashiers who could have many dishes yet aren't insulting some malls.
experiment=npi_scope-npi=yet-aux=isn't-licensor_embedded=0-npi_embedded=0-licensor_precede=1	1		The driver that had walked through the public parks isn't cleaning a lot of reports yet.
experiment=npi_scope-npi=yet-aux=isn't-licensor_embedded=0-npi_embedded=1-licensor_precede=0	0		The driver that had walked through the public parks yet isn't cleaning a lot of reports.
