exp=reflexive-matrix_reflexive=0-matrix_antecedent=1-refl1=themselves-refl2=herself-precede=1	1		Many teachers who return to themselves weren't praising a waitress.
exp=reflexive-matrix_reflexive=0-matrix_antecedent=1-refl1=themselves-refl2=herself-precede=0	0		Many teachers who return to herself weren't praising a waitress.
exp=reflexive-matrix_reflexive=0-matrix_antecedent=1-refl1=themselves-refl2=itself-precede=1	1		All men that aren't returning to themselves do describe some college campus.
exp=reflexive-matrix_reflexive=0-matrix_antecedent=1-refl1=themselves-refl2=itself-precede=0	0		All men that aren't returning to itself do describe some college campus.
exp=reflexive-matrix_reflexive=0-matrix_antecedent=1-refl1=themselves-refl2=himself-precede=1	1		All ladies who wouldn't dislike themselves can help every guy.
exp=reflexive-matrix_reflexive=0-matrix_antecedent=1-refl1=themselves-refl2=himself-precede=0	0		All ladies who wouldn't dislike himself can help every guy.
exp=reflexive-matrix_reflexive=0-matrix_antecedent=1-refl1=itself-refl2=themselves-precede=1	1		That essay that hadn't insulted itself couldn't describe a lot of malls.
exp=reflexive-matrix_reflexive=0-matrix_antecedent=1-refl1=itself-refl2=themselves-precede=0	0		That essay that hadn't insulted themselves couldn't describe a lot of malls.
exp=reflexive-matrix_reflexive=0-matrix_antecedent=1-refl1=themselves-refl2=itself-precede=1	1		These students who don't reference themselves visited that cafe .
exp=reflexive-matrix_reflexive=0-matrix_antecedent=1-refl1=themselves-refl2=itself-precede=0	0		These students who don't reference itself visited that cafe .
exp=reflexive-matrix_reflexive=0-matrix_antecedent=1-refl1=itself-refl2=themselves-precede=1	1		Some mall that resembles itself resembled some college campuses.
exp=reflexive-matrix_reflexive=0-matrix_antecedent=1-refl1=itself-refl2=themselves-precede=0	0		Some mall that resembles themselves resembled some college campuses.
exp=reflexive-matrix_reflexive=0-matrix_antecedent=1-refl1=herself-refl2=itself-precede=1	1		The woman who didn't care for herself has visited this movie theater.
exp=reflexive-matrix_reflexive=0-matrix_antecedent=1-refl1=herself-refl2=itself-precede=0	0		The woman who didn't care for itself has visited this movie theater.
exp=reflexive-matrix_reflexive=0-matrix_antecedent=1-refl1=themselves-refl2=herself-precede=1	1		Women that can't return to themselves forget a lady.
exp=reflexive-matrix_reflexive=0-matrix_antecedent=1-refl1=themselves-refl2=herself-precede=0	0		Women that can't return to herself forget a lady.
exp=reflexive-matrix_reflexive=0-matrix_antecedent=1-refl1=themselves-refl2=itself-precede=1	1		Some cashiers who respected themselves hated the commentary.
exp=reflexive-matrix_reflexive=0-matrix_antecedent=1-refl1=themselves-refl2=itself-precede=0	0		Some cashiers who respected itself hated the commentary.
exp=reflexive-matrix_reflexive=0-matrix_antecedent=1-refl1=themselves-refl2=himself-precede=1	1		The teenagers that return to themselves weren't talking to that man.
exp=reflexive-matrix_reflexive=0-matrix_antecedent=1-refl1=themselves-refl2=himself-precede=0	0		The teenagers that return to himself weren't talking to that man.
exp=reflexive-matrix_reflexive=0-matrix_antecedent=1-refl1=himself-refl2=themselves-precede=1	1		Some guy that should see himself shouldn't investigate men.
exp=reflexive-matrix_reflexive=0-matrix_antecedent=1-refl1=himself-refl2=themselves-precede=0	0		Some guy that should see themselves shouldn't investigate men.
exp=reflexive-matrix_reflexive=0-matrix_antecedent=1-refl1=herself-refl2=themselves-precede=1	1		Some waitress who would talk about herself hadn't criticized all actresses.
exp=reflexive-matrix_reflexive=0-matrix_antecedent=1-refl1=herself-refl2=themselves-precede=0	0		Some waitress who would talk about themselves hadn't criticized all actresses.
exp=reflexive-matrix_reflexive=0-matrix_antecedent=1-refl1=themselves-refl2=herself-precede=1	1		All pedestrians that hadn't cared for themselves had attacked that lady.
exp=reflexive-matrix_reflexive=0-matrix_antecedent=1-refl1=themselves-refl2=herself-precede=0	0		All pedestrians that hadn't cared for herself had attacked that lady.
exp=reflexive-matrix_reflexive=0-matrix_antecedent=1-refl1=themselves-refl2=herself-precede=1	1		Many pedestrians who dislike themselves observed that waitress.
exp=reflexive-matrix_reflexive=0-matrix_antecedent=1-refl1=themselves-refl2=herself-precede=0	0		Many pedestrians who dislike herself observed that waitress.
exp=reflexive-matrix_reflexive=0-matrix_antecedent=1-refl1=themselves-refl2=herself-precede=1	1		A lot of adults who attack themselves had forgotten every woman.
exp=reflexive-matrix_reflexive=0-matrix_antecedent=1-refl1=themselves-refl2=herself-precede=0	0		A lot of adults who attack herself had forgotten every woman.
exp=reflexive-matrix_reflexive=0-matrix_antecedent=1-refl1=themselves-refl2=itself-precede=1	1		Many people who talked to themselves admired some hat.
exp=reflexive-matrix_reflexive=0-matrix_antecedent=1-refl1=themselves-refl2=itself-precede=0	0		Many people who talked to itself admired some hat.
exp=reflexive-matrix_reflexive=0-matrix_antecedent=1-refl1=themselves-refl2=itself-precede=1	1		A lot of doctors who love themselves should remember that hospital.
exp=reflexive-matrix_reflexive=0-matrix_antecedent=1-refl1=themselves-refl2=itself-precede=0	0		A lot of doctors who love itself should remember that hospital.
exp=reflexive-matrix_reflexive=0-matrix_antecedent=1-refl1=themselves-refl2=herself-precede=1	1		Many adults that liked themselves see some girl.
exp=reflexive-matrix_reflexive=0-matrix_antecedent=1-refl1=themselves-refl2=herself-precede=0	0		Many adults that liked herself see some girl.
exp=reflexive-matrix_reflexive=0-matrix_antecedent=1-refl1=themselves-refl2=himself-precede=1	1		Humans who leave themselves knew every guy.
exp=reflexive-matrix_reflexive=0-matrix_antecedent=1-refl1=themselves-refl2=himself-precede=0	0		Humans who leave himself knew every guy.
exp=reflexive-matrix_reflexive=0-matrix_antecedent=1-refl1=himself-refl2=themselves-precede=1	1		Every boy that hadn't loved himself had escaped from all banks.
exp=reflexive-matrix_reflexive=0-matrix_antecedent=1-refl1=himself-refl2=themselves-precede=0	0		Every boy that hadn't loved themselves had escaped from all banks.
exp=reflexive-matrix_reflexive=0-matrix_antecedent=1-refl1=themselves-refl2=herself-precede=1	1		All children that couldn't hug themselves can visit that lady.
exp=reflexive-matrix_reflexive=0-matrix_antecedent=1-refl1=themselves-refl2=herself-precede=0	0		All children that couldn't hug herself can visit that lady.
exp=reflexive-matrix_reflexive=0-matrix_antecedent=1-refl1=himself-refl2=itself-precede=1	1		The boy that discussed himself didn't praise every book.
exp=reflexive-matrix_reflexive=0-matrix_antecedent=1-refl1=himself-refl2=itself-precede=0	0		The boy that discussed itself didn't praise every book.
exp=reflexive-matrix_reflexive=0-matrix_antecedent=1-refl1=themselves-refl2=herself-precede=1	1		Many actresses that had respected themselves hadn't watched a gal.
exp=reflexive-matrix_reflexive=0-matrix_antecedent=1-refl1=themselves-refl2=herself-precede=0	0		Many actresses that had respected herself hadn't watched a gal.
exp=reflexive-matrix_reflexive=0-matrix_antecedent=1-refl1=themselves-refl2=itself-precede=1	1		A lot of actors who haven't visited themselves describe the school.
exp=reflexive-matrix_reflexive=0-matrix_antecedent=1-refl1=themselves-refl2=itself-precede=0	0		A lot of actors who haven't visited itself describe the school.
exp=reflexive-matrix_reflexive=0-matrix_antecedent=1-refl1=themselves-refl2=itself-precede=1	1		These commentaries that had praised themselves talk about every college campus.
exp=reflexive-matrix_reflexive=0-matrix_antecedent=1-refl1=themselves-refl2=itself-precede=0	0		These commentaries that had praised itself talk about every college campus.
exp=reflexive-matrix_reflexive=0-matrix_antecedent=1-refl1=itself-refl2=themselves-precede=1	1		This essay that describes itself talks about many children.
exp=reflexive-matrix_reflexive=0-matrix_antecedent=1-refl1=itself-refl2=themselves-precede=0	0		This essay that describes themselves talks about many children.
exp=reflexive-matrix_reflexive=0-matrix_antecedent=1-refl1=himself-refl2=themselves-precede=1	1		Every guy who respected himself won't respect all malls.
exp=reflexive-matrix_reflexive=0-matrix_antecedent=1-refl1=himself-refl2=themselves-precede=0	0		Every guy who respected themselves won't respect all malls.
exp=reflexive-matrix_reflexive=0-matrix_antecedent=1-refl1=themselves-refl2=himself-precede=1	1		All children that forgot themselves haven't seen the boy.
exp=reflexive-matrix_reflexive=0-matrix_antecedent=1-refl1=themselves-refl2=himself-precede=0	0		All children that forgot himself haven't seen the boy.
exp=reflexive-matrix_reflexive=0-matrix_antecedent=1-refl1=themselves-refl2=herself-precede=1	1		All humans who approach themselves would hug that gal.
exp=reflexive-matrix_reflexive=0-matrix_antecedent=1-refl1=themselves-refl2=herself-precede=0	0		All humans who approach herself would hug that gal.
exp=reflexive-matrix_reflexive=0-matrix_antecedent=1-refl1=themselves-refl2=herself-precede=1	1		All cashiers that hadn't praised themselves kissed the lady.
exp=reflexive-matrix_reflexive=0-matrix_antecedent=1-refl1=themselves-refl2=herself-precede=0	0		All cashiers that hadn't praised herself kissed the lady.
exp=reflexive-matrix_reflexive=0-matrix_antecedent=1-refl1=themselves-refl2=herself-precede=1	1		A lot of women who hated themselves are working with every lady.
exp=reflexive-matrix_reflexive=0-matrix_antecedent=1-refl1=themselves-refl2=herself-precede=0	0		A lot of women who hated herself are working with every lady.
exp=reflexive-matrix_reflexive=0-matrix_antecedent=1-refl1=themselves-refl2=itself-precede=1	1		These ladies that had listened to themselves did return to the hospital.
exp=reflexive-matrix_reflexive=0-matrix_antecedent=1-refl1=themselves-refl2=itself-precede=0	0		These ladies that had listened to itself did return to the hospital.
exp=reflexive-matrix_reflexive=0-matrix_antecedent=1-refl1=themselves-refl2=herself-precede=1	1		Customers who will dislike themselves admire every waitress.
exp=reflexive-matrix_reflexive=0-matrix_antecedent=1-refl1=themselves-refl2=herself-precede=0	0		Customers who will dislike herself admire every waitress.
exp=reflexive-matrix_reflexive=0-matrix_antecedent=1-refl1=themselves-refl2=itself-precede=1	1		Some doctors who had visited themselves have escaped from every grocery store.
exp=reflexive-matrix_reflexive=0-matrix_antecedent=1-refl1=themselves-refl2=itself-precede=0	0		Some doctors who had visited itself have escaped from every grocery store.
exp=reflexive-matrix_reflexive=0-matrix_antecedent=1-refl1=themselves-refl2=himself-precede=1	1		These students that have criticized themselves help the guy.
exp=reflexive-matrix_reflexive=0-matrix_antecedent=1-refl1=themselves-refl2=himself-precede=0	0		These students that have criticized himself help the guy.
exp=reflexive-matrix_reflexive=0-matrix_antecedent=1-refl1=themselves-refl2=herself-precede=1	1		Many students that were approaching themselves would leave that lady.
exp=reflexive-matrix_reflexive=0-matrix_antecedent=1-refl1=themselves-refl2=herself-precede=0	0		Many students that were approaching herself would leave that lady.
exp=reflexive-matrix_reflexive=0-matrix_antecedent=1-refl1=themselves-refl2=herself-precede=1	1		A lot of waiters that observe themselves have praised that woman.
exp=reflexive-matrix_reflexive=0-matrix_antecedent=1-refl1=themselves-refl2=herself-precede=0	0		A lot of waiters that observe herself have praised that woman.
exp=reflexive-matrix_reflexive=0-matrix_antecedent=1-refl1=itself-refl2=themselves-precede=1	1		The book that isn't describing itself is referencing books.
exp=reflexive-matrix_reflexive=0-matrix_antecedent=1-refl1=itself-refl2=themselves-precede=0	0		The book that isn't describing themselves is referencing books.
exp=reflexive-matrix_reflexive=0-matrix_antecedent=1-refl1=themselves-refl2=himself-precede=1	1		These adults who were attacking themselves can flee from a guy.
exp=reflexive-matrix_reflexive=0-matrix_antecedent=1-refl1=themselves-refl2=himself-precede=0	0		These adults who were attacking himself can flee from a guy.
exp=reflexive-matrix_reflexive=0-matrix_antecedent=1-refl1=themselves-refl2=itself-precede=1	1		Customers that weren't helping themselves have talked about every library.
exp=reflexive-matrix_reflexive=0-matrix_antecedent=1-refl1=themselves-refl2=itself-precede=0	0		Customers that weren't helping itself have talked about every library.
exp=reflexive-matrix_reflexive=0-matrix_antecedent=1-refl1=themselves-refl2=herself-precede=1	1		The people that referenced themselves work with some gal.
exp=reflexive-matrix_reflexive=0-matrix_antecedent=1-refl1=themselves-refl2=herself-precede=0	0		The people that referenced herself work with some gal.
exp=reflexive-matrix_reflexive=0-matrix_antecedent=1-refl1=themselves-refl2=herself-precede=1	1		A lot of guests who haven't remembered themselves can't care for this woman.
exp=reflexive-matrix_reflexive=0-matrix_antecedent=1-refl1=themselves-refl2=herself-precede=0	0		A lot of guests who haven't remembered herself can't care for this woman.
exp=reflexive-matrix_reflexive=0-matrix_antecedent=1-refl1=themselves-refl2=herself-precede=1	1		These patients that are watching themselves talk to every woman.
exp=reflexive-matrix_reflexive=0-matrix_antecedent=1-refl1=themselves-refl2=herself-precede=0	0		These patients that are watching herself talk to every woman.
exp=reflexive-matrix_reflexive=0-matrix_antecedent=1-refl1=themselves-refl2=himself-precede=1	1		Many teenagers that hadn't kissed themselves aren't criticizing the guy.
exp=reflexive-matrix_reflexive=0-matrix_antecedent=1-refl1=themselves-refl2=himself-precede=0	0		Many teenagers that hadn't kissed himself aren't criticizing the guy.
exp=reflexive-matrix_reflexive=0-matrix_antecedent=1-refl1=themselves-refl2=itself-precede=1	1		These pedestrians who see themselves are investigating that public park.
exp=reflexive-matrix_reflexive=0-matrix_antecedent=1-refl1=themselves-refl2=itself-precede=0	0		These pedestrians who see itself are investigating that public park.
exp=reflexive-matrix_reflexive=0-matrix_antecedent=1-refl1=herself-refl2=himself-precede=1	1		That woman that might reference herself describes some man.
exp=reflexive-matrix_reflexive=0-matrix_antecedent=1-refl1=herself-refl2=himself-precede=0	0		That woman that might reference himself describes some man.
exp=reflexive-matrix_reflexive=0-matrix_antecedent=1-refl1=themselves-refl2=herself-precede=1	1		A lot of teenagers who had kissed themselves approach some woman.
exp=reflexive-matrix_reflexive=0-matrix_antecedent=1-refl1=themselves-refl2=herself-precede=0	0		A lot of teenagers who had kissed herself approach some woman.
exp=reflexive-matrix_reflexive=0-matrix_antecedent=1-refl1=themselves-refl2=herself-precede=1	1		Boys that insult themselves weren't observing that woman.
exp=reflexive-matrix_reflexive=0-matrix_antecedent=1-refl1=themselves-refl2=herself-precede=0	0		Boys that insult herself weren't observing that woman.
exp=reflexive-matrix_reflexive=0-matrix_antecedent=1-refl1=herself-refl2=themselves-precede=1	1		Some waitress that has left herself doesn't approach the humans.
exp=reflexive-matrix_reflexive=0-matrix_antecedent=1-refl1=herself-refl2=themselves-precede=0	0		Some waitress that has left themselves doesn't approach the humans.
exp=reflexive-matrix_reflexive=0-matrix_antecedent=1-refl1=themselves-refl2=herself-precede=1	1		Some teenagers who forgot themselves weren't talking to every lady.
exp=reflexive-matrix_reflexive=0-matrix_antecedent=1-refl1=themselves-refl2=herself-precede=0	0		Some teenagers who forgot herself weren't talking to every lady.
exp=reflexive-matrix_reflexive=0-matrix_antecedent=1-refl1=herself-refl2=themselves-precede=1	1		That gal that discusses herself discussed a lot of gals.
exp=reflexive-matrix_reflexive=0-matrix_antecedent=1-refl1=herself-refl2=themselves-precede=0	0		That gal that discusses themselves discussed a lot of gals.
exp=reflexive-matrix_reflexive=0-matrix_antecedent=1-refl1=themselves-refl2=herself-precede=1	1		Teachers that kiss themselves can't reference every waitress.
exp=reflexive-matrix_reflexive=0-matrix_antecedent=1-refl1=themselves-refl2=herself-precede=0	0		Teachers that kiss herself can't reference every waitress.
exp=reflexive-matrix_reflexive=0-matrix_antecedent=1-refl1=herself-refl2=themselves-precede=1	1		This girl who hasn't returned to herself could criticize the customers.
exp=reflexive-matrix_reflexive=0-matrix_antecedent=1-refl1=herself-refl2=themselves-precede=0	0		This girl who hasn't returned to themselves could criticize the customers.
exp=reflexive-matrix_reflexive=0-matrix_antecedent=1-refl1=themselves-refl2=itself-precede=1	1		All actors that know themselves reference some essay.
exp=reflexive-matrix_reflexive=0-matrix_antecedent=1-refl1=themselves-refl2=itself-precede=0	0		All actors that know itself reference some essay.
exp=reflexive-matrix_reflexive=0-matrix_antecedent=1-refl1=herself-refl2=itself-precede=1	1		Every actress who wasn't helping herself hadn't seen that scarf.
exp=reflexive-matrix_reflexive=0-matrix_antecedent=1-refl1=herself-refl2=itself-precede=0	0		Every actress who wasn't helping itself hadn't seen that scarf.
exp=reflexive-matrix_reflexive=0-matrix_antecedent=1-refl1=themselves-refl2=himself-precede=1	1		All teachers that listen to themselves weren't watching every man.
exp=reflexive-matrix_reflexive=0-matrix_antecedent=1-refl1=themselves-refl2=himself-precede=0	0		All teachers that listen to himself weren't watching every man.
exp=reflexive-matrix_reflexive=0-matrix_antecedent=1-refl1=themselves-refl2=itself-precede=1	1		All patients who had cared for themselves might like a couch.
exp=reflexive-matrix_reflexive=0-matrix_antecedent=1-refl1=themselves-refl2=itself-precede=0	0		All patients who had cared for itself might like a couch.
exp=reflexive-matrix_reflexive=0-matrix_antecedent=1-refl1=themselves-refl2=herself-precede=1	1		A lot of guys who help themselves have hugged this girl.
exp=reflexive-matrix_reflexive=0-matrix_antecedent=1-refl1=themselves-refl2=herself-precede=0	0		A lot of guys who help herself have hugged this girl.
exp=reflexive-matrix_reflexive=0-matrix_antecedent=1-refl1=herself-refl2=themselves-precede=1	1		The girl that has approached herself has hugged many humans.
exp=reflexive-matrix_reflexive=0-matrix_antecedent=1-refl1=herself-refl2=themselves-precede=0	0		The girl that has approached themselves has hugged many humans.
exp=reflexive-matrix_reflexive=0-matrix_antecedent=1-refl1=themselves-refl2=itself-precede=1	1		These teachers that hug themselves weren't describing that story.
exp=reflexive-matrix_reflexive=0-matrix_antecedent=1-refl1=themselves-refl2=itself-precede=0	0		These teachers that hug itself weren't describing that story.
exp=reflexive-matrix_reflexive=0-matrix_antecedent=1-refl1=himself-refl2=itself-precede=1	1		That guy who praised himself hasn't left that art gallery.
exp=reflexive-matrix_reflexive=0-matrix_antecedent=1-refl1=himself-refl2=itself-precede=0	0		That guy who praised itself hasn't left that art gallery.
exp=reflexive-matrix_reflexive=0-matrix_antecedent=1-refl1=themselves-refl2=himself-precede=1	1		The drivers who weren't helping themselves didn't kiss the guy.
exp=reflexive-matrix_reflexive=0-matrix_antecedent=1-refl1=themselves-refl2=himself-precede=0	0		The drivers who weren't helping himself didn't kiss the guy.
exp=reflexive-matrix_reflexive=0-matrix_antecedent=1-refl1=themselves-refl2=itself-precede=1	1		The patients who aren't hugging themselves are admiring every rug.
exp=reflexive-matrix_reflexive=0-matrix_antecedent=1-refl1=themselves-refl2=itself-precede=0	0		The patients who aren't hugging itself are admiring every rug.
exp=reflexive-matrix_reflexive=0-matrix_antecedent=1-refl1=herself-refl2=themselves-precede=1	1		That actress who had talked about herself fled from these women.
exp=reflexive-matrix_reflexive=0-matrix_antecedent=1-refl1=herself-refl2=themselves-precede=0	0		That actress who had talked about themselves fled from these women.
exp=reflexive-matrix_reflexive=0-matrix_antecedent=1-refl1=themselves-refl2=himself-precede=1	1		The people who see themselves will know the guy.
exp=reflexive-matrix_reflexive=0-matrix_antecedent=1-refl1=themselves-refl2=himself-precede=0	0		The people who see himself will know the guy.
exp=reflexive-matrix_reflexive=0-matrix_antecedent=1-refl1=themselves-refl2=herself-precede=1	1		Some humans that know themselves are fleeing from a lady.
exp=reflexive-matrix_reflexive=0-matrix_antecedent=1-refl1=themselves-refl2=herself-precede=0	0		Some humans that know herself are fleeing from a lady.
exp=reflexive-matrix_reflexive=0-matrix_antecedent=1-refl1=themselves-refl2=herself-precede=1	1		These women who attack themselves haven't talked to the lady.
exp=reflexive-matrix_reflexive=0-matrix_antecedent=1-refl1=themselves-refl2=herself-precede=0	0		These women who attack herself haven't talked to the lady.
exp=reflexive-matrix_reflexive=0-matrix_antecedent=1-refl1=themselves-refl2=himself-precede=1	1		The banks that resemble themselves won't resemble some boy.
exp=reflexive-matrix_reflexive=0-matrix_antecedent=1-refl1=themselves-refl2=himself-precede=0	0		The banks that resemble himself won't resemble some boy.
exp=reflexive-matrix_reflexive=0-matrix_antecedent=1-refl1=themselves-refl2=herself-precede=1	1		The actors that hadn't watched themselves watch a girl.
exp=reflexive-matrix_reflexive=0-matrix_antecedent=1-refl1=themselves-refl2=herself-precede=0	0		The actors that hadn't watched herself watch a girl.
exp=reflexive-matrix_reflexive=0-matrix_antecedent=1-refl1=themselves-refl2=itself-precede=1	1		These ladies who kiss themselves see a plate.
exp=reflexive-matrix_reflexive=0-matrix_antecedent=1-refl1=themselves-refl2=itself-precede=0	0		These ladies who kiss itself see a plate.
exp=reflexive-matrix_reflexive=0-matrix_antecedent=1-refl1=themselves-refl2=himself-precede=1	1		Some girls that talk to themselves observed this boy.
exp=reflexive-matrix_reflexive=0-matrix_antecedent=1-refl1=themselves-refl2=himself-precede=0	0		Some girls that talk to himself observed this boy.
exp=reflexive-matrix_reflexive=0-matrix_antecedent=1-refl1=itself-refl2=themselves-precede=1	1		Every movie that doesn't reference itself is insulting many gals.
exp=reflexive-matrix_reflexive=0-matrix_antecedent=1-refl1=itself-refl2=themselves-precede=0	0		Every movie that doesn't reference themselves is insulting many gals.
exp=reflexive-matrix_reflexive=0-matrix_antecedent=1-refl1=herself-refl2=themselves-precede=1	1		A gal that does attack herself can't hug all doctors.
exp=reflexive-matrix_reflexive=0-matrix_antecedent=1-refl1=herself-refl2=themselves-precede=0	0		A gal that does attack themselves can't hug all doctors.
exp=reflexive-matrix_reflexive=0-matrix_antecedent=1-refl1=herself-refl2=themselves-precede=1	1		This waitress that had described herself wouldn't flee from the guys.
exp=reflexive-matrix_reflexive=0-matrix_antecedent=1-refl1=herself-refl2=themselves-precede=0	0		This waitress that had described themselves wouldn't flee from the guys.
exp=reflexive-matrix_reflexive=0-matrix_antecedent=1-refl1=themselves-refl2=herself-precede=1	1		These children who work with themselves listened to the woman.
exp=reflexive-matrix_reflexive=0-matrix_antecedent=1-refl1=themselves-refl2=herself-precede=0	0		These children who work with herself listened to the woman.
exp=reflexive-matrix_reflexive=0-matrix_antecedent=1-refl1=himself-refl2=themselves-precede=1	1		A man who admired himself approached the guys.
exp=reflexive-matrix_reflexive=0-matrix_antecedent=1-refl1=himself-refl2=themselves-precede=0	0		A man who admired themselves approached the guys.
exp=reflexive-matrix_reflexive=0-matrix_antecedent=1-refl1=themselves-refl2=himself-precede=1	1		Some boys who escape from themselves are kissing every man.
exp=reflexive-matrix_reflexive=0-matrix_antecedent=1-refl1=themselves-refl2=himself-precede=0	0		Some boys who escape from himself are kissing every man.
exp=reflexive-matrix_reflexive=0-matrix_antecedent=1-refl1=themselves-refl2=herself-precede=1	1		The teachers that hadn't helped themselves have known that actress.
exp=reflexive-matrix_reflexive=0-matrix_antecedent=1-refl1=themselves-refl2=herself-precede=0	0		The teachers that hadn't helped herself have known that actress.
exp=reflexive-matrix_reflexive=0-matrix_antecedent=1-refl1=themselves-refl2=herself-precede=1	1		Some actors that hated themselves helped the actress.
exp=reflexive-matrix_reflexive=0-matrix_antecedent=1-refl1=themselves-refl2=herself-precede=0	0		Some actors that hated herself helped the actress.
exp=reflexive-matrix_reflexive=0-matrix_antecedent=1-refl1=themselves-refl2=herself-precede=1	1		Many girls who discussed themselves have talked to that waitress.
exp=reflexive-matrix_reflexive=0-matrix_antecedent=1-refl1=themselves-refl2=herself-precede=0	0		Many girls who discussed herself have talked to that waitress.
exp=reflexive-matrix_reflexive=0-matrix_antecedent=1-refl1=themselves-refl2=itself-precede=1	1		All children who haven't admired themselves hate a book.
exp=reflexive-matrix_reflexive=0-matrix_antecedent=1-refl1=themselves-refl2=itself-precede=0	0		All children who haven't admired itself hate a book.
exp=reflexive-matrix_reflexive=0-matrix_antecedent=1-refl1=themselves-refl2=itself-precede=1	1		These actors who talked to themselves are investigating this grocery store.
exp=reflexive-matrix_reflexive=0-matrix_antecedent=1-refl1=themselves-refl2=itself-precede=0	0		These actors who talked to itself are investigating this grocery store.
exp=reflexive-matrix_reflexive=0-matrix_antecedent=1-refl1=themselves-refl2=itself-precede=1	1		Doctors that weren't visiting themselves remembered this college campus.
exp=reflexive-matrix_reflexive=0-matrix_antecedent=1-refl1=themselves-refl2=itself-precede=0	0		Doctors that weren't visiting itself remembered this college campus.
exp=reflexive-matrix_reflexive=0-matrix_antecedent=1-refl1=themselves-refl2=itself-precede=1	1		All women who haven't respected themselves were visiting that library.
exp=reflexive-matrix_reflexive=0-matrix_antecedent=1-refl1=themselves-refl2=itself-precede=0	0		All women who haven't respected itself were visiting that library.
exp=reflexive-matrix_reflexive=0-matrix_antecedent=1-refl1=themselves-refl2=herself-precede=1	1		Many cashiers that approach themselves cared for a woman.
exp=reflexive-matrix_reflexive=0-matrix_antecedent=1-refl1=themselves-refl2=herself-precede=0	0		Many cashiers that approach herself cared for a woman.
exp=reflexive-matrix_reflexive=0-matrix_antecedent=1-refl1=himself-refl2=themselves-precede=1	1		This boy that would help himself referenced the teachers.
exp=reflexive-matrix_reflexive=0-matrix_antecedent=1-refl1=himself-refl2=themselves-precede=0	0		This boy that would help themselves referenced the teachers.
exp=reflexive-matrix_reflexive=0-matrix_antecedent=1-refl1=themselves-refl2=itself-precede=1	1		Many patients that have approached themselves disliked this essay.
exp=reflexive-matrix_reflexive=0-matrix_antecedent=1-refl1=themselves-refl2=itself-precede=0	0		Many patients that have approached itself disliked this essay.
exp=reflexive-matrix_reflexive=0-matrix_antecedent=1-refl1=herself-refl2=itself-precede=1	1		The waitress who insults herself had respected the hospital.
exp=reflexive-matrix_reflexive=0-matrix_antecedent=1-refl1=herself-refl2=itself-precede=0	0		The waitress who insults itself had respected the hospital.
exp=reflexive-matrix_reflexive=0-matrix_antecedent=1-refl1=themselves-refl2=itself-precede=1	1		Children who praise themselves forget some documentary.
exp=reflexive-matrix_reflexive=0-matrix_antecedent=1-refl1=themselves-refl2=itself-precede=0	0		Children who praise itself forget some documentary.
exp=reflexive-matrix_reflexive=0-matrix_antecedent=1-refl1=themselves-refl2=herself-precede=1	1		Teenagers that listened to themselves helped that girl.
exp=reflexive-matrix_reflexive=0-matrix_antecedent=1-refl1=themselves-refl2=herself-precede=0	0		Teenagers that listened to herself helped that girl.
exp=reflexive-matrix_reflexive=0-matrix_antecedent=1-refl1=himself-refl2=themselves-precede=1	1		That man that wouldn't like himself investigated all ladies.
exp=reflexive-matrix_reflexive=0-matrix_antecedent=1-refl1=himself-refl2=themselves-precede=0	0		That man that wouldn't like themselves investigated all ladies.
exp=reflexive-matrix_reflexive=0-matrix_antecedent=1-refl1=themselves-refl2=himself-precede=1	1		Women that haven't praised themselves were talking to every guy.
exp=reflexive-matrix_reflexive=0-matrix_antecedent=1-refl1=themselves-refl2=himself-precede=0	0		Women that haven't praised himself were talking to every guy.
exp=reflexive-matrix_reflexive=0-matrix_antecedent=1-refl1=themselves-refl2=herself-precede=1	1		The drivers that could leave themselves should observe that waitress.
exp=reflexive-matrix_reflexive=0-matrix_antecedent=1-refl1=themselves-refl2=herself-precede=0	0		The drivers that could leave herself should observe that waitress.
exp=reflexive-matrix_reflexive=0-matrix_antecedent=1-refl1=themselves-refl2=himself-precede=1	1		These women that aren't approaching themselves should attack some boy.
exp=reflexive-matrix_reflexive=0-matrix_antecedent=1-refl1=themselves-refl2=himself-precede=0	0		These women that aren't approaching himself should attack some boy.
exp=reflexive-matrix_reflexive=0-matrix_antecedent=1-refl1=themselves-refl2=himself-precede=1	1		Waitresses who will forget themselves had returned to a boy.
exp=reflexive-matrix_reflexive=0-matrix_antecedent=1-refl1=themselves-refl2=himself-precede=0	0		Waitresses who will forget himself had returned to a boy.
exp=reflexive-matrix_reflexive=0-matrix_antecedent=1-refl1=themselves-refl2=itself-precede=1	1		All glasses that did resemble themselves resemble a rug.
exp=reflexive-matrix_reflexive=0-matrix_antecedent=1-refl1=themselves-refl2=itself-precede=0	0		All glasses that did resemble itself resemble a rug.
exp=reflexive-matrix_reflexive=0-matrix_antecedent=1-refl1=herself-refl2=themselves-precede=1	1		Every woman that talked to herself wasn't talking to all teachers.
exp=reflexive-matrix_reflexive=0-matrix_antecedent=1-refl1=herself-refl2=themselves-precede=0	0		Every woman that talked to themselves wasn't talking to all teachers.
exp=reflexive-matrix_reflexive=0-matrix_antecedent=1-refl1=itself-refl2=herself-precede=1	1		Every high school that resembled itself doesn't resemble that girl.
exp=reflexive-matrix_reflexive=0-matrix_antecedent=1-refl1=itself-refl2=herself-precede=0	0		Every high school that resembled herself doesn't resemble that girl.
exp=reflexive-matrix_reflexive=0-matrix_antecedent=1-refl1=itself-refl2=themselves-precede=1	1		This report that references itself is referencing the essays.
exp=reflexive-matrix_reflexive=0-matrix_antecedent=1-refl1=itself-refl2=themselves-precede=0	0		This report that references themselves is referencing the essays.
exp=reflexive-matrix_reflexive=0-matrix_antecedent=1-refl1=itself-refl2=themselves-precede=1	1		This movie that described itself has insulted a lot of high schools.
exp=reflexive-matrix_reflexive=0-matrix_antecedent=1-refl1=itself-refl2=themselves-precede=0	0		This movie that described themselves has insulted a lot of high schools.
exp=reflexive-matrix_reflexive=0-matrix_antecedent=1-refl1=herself-refl2=themselves-precede=1	1		A gal that listened to herself was insulting actors.
exp=reflexive-matrix_reflexive=0-matrix_antecedent=1-refl1=herself-refl2=themselves-precede=0	0		A gal that listened to themselves was insulting actors.
exp=reflexive-matrix_reflexive=0-matrix_antecedent=1-refl1=themselves-refl2=herself-precede=1	1		Many teachers that do watch themselves haven't returned to that gal.
exp=reflexive-matrix_reflexive=0-matrix_antecedent=1-refl1=themselves-refl2=herself-precede=0	0		Many teachers that do watch herself haven't returned to that gal.
exp=reflexive-matrix_reflexive=0-matrix_antecedent=1-refl1=themselves-refl2=himself-precede=1	1		A lot of people who were praising themselves help a guy.
exp=reflexive-matrix_reflexive=0-matrix_antecedent=1-refl1=themselves-refl2=himself-precede=0	0		A lot of people who were praising himself help a guy.
exp=reflexive-matrix_reflexive=0-matrix_antecedent=1-refl1=themselves-refl2=herself-precede=1	1		Many essays that weren't referencing themselves criticize this waitress.
exp=reflexive-matrix_reflexive=0-matrix_antecedent=1-refl1=themselves-refl2=herself-precede=0	0		Many essays that weren't referencing herself criticize this waitress.
exp=reflexive-matrix_reflexive=0-matrix_antecedent=1-refl1=themselves-refl2=herself-precede=1	1		Many patients who are observing themselves hate every girl.
exp=reflexive-matrix_reflexive=0-matrix_antecedent=1-refl1=themselves-refl2=herself-precede=0	0		Many patients who are observing herself hate every girl.
exp=reflexive-matrix_reflexive=0-matrix_antecedent=1-refl1=themselves-refl2=herself-precede=1	1		Some actors who reference themselves dislike a lady.
exp=reflexive-matrix_reflexive=0-matrix_antecedent=1-refl1=themselves-refl2=herself-precede=0	0		Some actors who reference herself dislike a lady.
exp=reflexive-matrix_reflexive=0-matrix_antecedent=1-refl1=themselves-refl2=herself-precede=1	1		These actors who won't love themselves kissed this woman.
exp=reflexive-matrix_reflexive=0-matrix_antecedent=1-refl1=themselves-refl2=herself-precede=0	0		These actors who won't love herself kissed this woman.
exp=reflexive-matrix_reflexive=0-matrix_antecedent=1-refl1=themselves-refl2=himself-precede=1	1		Some students that praised themselves hated that boy.
exp=reflexive-matrix_reflexive=0-matrix_antecedent=1-refl1=themselves-refl2=himself-precede=0	0		Some students that praised himself hated that boy.
exp=reflexive-matrix_reflexive=0-matrix_antecedent=1-refl1=themselves-refl2=himself-precede=1	1		All girls who see themselves attacked a man.
exp=reflexive-matrix_reflexive=0-matrix_antecedent=1-refl1=themselves-refl2=himself-precede=0	0		All girls who see himself attacked a man.
exp=reflexive-matrix_reflexive=0-matrix_antecedent=1-refl1=themselves-refl2=herself-precede=1	1		The actresses that will like themselves should know the lady.
exp=reflexive-matrix_reflexive=0-matrix_antecedent=1-refl1=themselves-refl2=herself-precede=0	0		The actresses that will like herself should know the lady.
exp=reflexive-matrix_reflexive=0-matrix_antecedent=1-refl1=themselves-refl2=itself-precede=1	1		The teenagers who describe themselves couldn't love that documentary.
exp=reflexive-matrix_reflexive=0-matrix_antecedent=1-refl1=themselves-refl2=itself-precede=0	0		The teenagers who describe itself couldn't love that documentary.
exp=reflexive-matrix_reflexive=0-matrix_antecedent=1-refl1=themselves-refl2=himself-precede=1	1		These women that visited themselves might work with some man.
exp=reflexive-matrix_reflexive=0-matrix_antecedent=1-refl1=themselves-refl2=himself-precede=0	0		These women that visited himself might work with some man.
exp=reflexive-matrix_reflexive=0-matrix_antecedent=1-refl1=itself-refl2=themselves-precede=1	1		This report that criticized itself referenced the teenagers.
exp=reflexive-matrix_reflexive=0-matrix_antecedent=1-refl1=itself-refl2=themselves-precede=0	0		This report that criticized themselves referenced the teenagers.
exp=reflexive-matrix_reflexive=0-matrix_antecedent=1-refl1=themselves-refl2=herself-precede=1	1		All girls who didn't visit themselves watched a woman.
exp=reflexive-matrix_reflexive=0-matrix_antecedent=1-refl1=themselves-refl2=herself-precede=0	0		All girls who didn't visit herself watched a woman.
exp=reflexive-matrix_reflexive=0-matrix_antecedent=1-refl1=themselves-refl2=itself-precede=1	1		A lot of boys that had discussed themselves have respected every hospital.
exp=reflexive-matrix_reflexive=0-matrix_antecedent=1-refl1=themselves-refl2=itself-precede=0	0		A lot of boys that had discussed itself have respected every hospital.
exp=reflexive-matrix_reflexive=0-matrix_antecedent=1-refl1=themselves-refl2=herself-precede=1	1		These teenagers who had watched themselves had praised the lady.
exp=reflexive-matrix_reflexive=0-matrix_antecedent=1-refl1=themselves-refl2=herself-precede=0	0		These teenagers who had watched herself had praised the lady.
exp=reflexive-matrix_reflexive=0-matrix_antecedent=1-refl1=themselves-refl2=herself-precede=1	1		Some drivers that approach themselves do admire every actress.
exp=reflexive-matrix_reflexive=0-matrix_antecedent=1-refl1=themselves-refl2=herself-precede=0	0		Some drivers that approach herself do admire every actress.
exp=reflexive-matrix_reflexive=0-matrix_antecedent=1-refl1=themselves-refl2=herself-precede=1	1		Many waiters that kiss themselves observe every waitress.
exp=reflexive-matrix_reflexive=0-matrix_antecedent=1-refl1=themselves-refl2=herself-precede=0	0		Many waiters that kiss herself observe every waitress.
exp=reflexive-matrix_reflexive=0-matrix_antecedent=1-refl1=themselves-refl2=itself-precede=1	1		Many customers who are helping themselves have talked about a story.
exp=reflexive-matrix_reflexive=0-matrix_antecedent=1-refl1=themselves-refl2=itself-precede=0	0		Many customers who are helping itself have talked about a story.
exp=reflexive-matrix_reflexive=0-matrix_antecedent=1-refl1=themselves-refl2=herself-precede=1	1		Children that were talking to themselves hadn't attacked this gal.
exp=reflexive-matrix_reflexive=0-matrix_antecedent=1-refl1=themselves-refl2=herself-precede=0	0		Children that were talking to herself hadn't attacked this gal.
exp=reflexive-matrix_reflexive=0-matrix_antecedent=1-refl1=himself-refl2=themselves-precede=1	1		The man who hadn't listened to himself should observe these students.
exp=reflexive-matrix_reflexive=0-matrix_antecedent=1-refl1=himself-refl2=themselves-precede=0	0		The man who hadn't listened to themselves should observe these students.
exp=reflexive-matrix_reflexive=0-matrix_antecedent=1-refl1=themselves-refl2=itself-precede=1	1		These guys that couldn't admire themselves were praising some story.
exp=reflexive-matrix_reflexive=0-matrix_antecedent=1-refl1=themselves-refl2=itself-precede=0	0		These guys that couldn't admire itself were praising some story.
exp=reflexive-matrix_reflexive=0-matrix_antecedent=1-refl1=itself-refl2=themselves-precede=1	1		The play that had talked about itself praises all guys.
exp=reflexive-matrix_reflexive=0-matrix_antecedent=1-refl1=itself-refl2=themselves-precede=0	0		The play that had talked about themselves praises all guys.
exp=reflexive-matrix_reflexive=0-matrix_antecedent=1-refl1=themselves-refl2=herself-precede=1	1		Many guys that had worked with themselves couldn't resemble some waitress.
exp=reflexive-matrix_reflexive=0-matrix_antecedent=1-refl1=themselves-refl2=herself-precede=0	0		Many guys that had worked with herself couldn't resemble some waitress.
exp=reflexive-matrix_reflexive=0-matrix_antecedent=1-refl1=themselves-refl2=herself-precede=1	1		Many ladies who dislike themselves hated every waitress.
exp=reflexive-matrix_reflexive=0-matrix_antecedent=1-refl1=themselves-refl2=herself-precede=0	0		Many ladies who dislike herself hated every waitress.
exp=reflexive-matrix_reflexive=0-matrix_antecedent=1-refl1=themselves-refl2=herself-precede=1	1		Many students who can't criticize themselves weren't approaching this waitress.
exp=reflexive-matrix_reflexive=0-matrix_antecedent=1-refl1=themselves-refl2=herself-precede=0	0		Many students who can't criticize herself weren't approaching this waitress.
exp=reflexive-matrix_reflexive=0-matrix_antecedent=1-refl1=themselves-refl2=herself-precede=1	1		Some customers who praise themselves haven't attacked every lady.
exp=reflexive-matrix_reflexive=0-matrix_antecedent=1-refl1=themselves-refl2=herself-precede=0	0		Some customers who praise herself haven't attacked every lady.
exp=reflexive-matrix_reflexive=0-matrix_antecedent=1-refl1=themselves-refl2=itself-precede=1	1		Some ladies that forget themselves are visiting every library.
exp=reflexive-matrix_reflexive=0-matrix_antecedent=1-refl1=themselves-refl2=itself-precede=0	0		Some ladies that forget itself are visiting every library.
exp=reflexive-matrix_reflexive=0-matrix_antecedent=1-refl1=themselves-refl2=herself-precede=1	1		Some women that hadn't insulted themselves were attacking a woman.
exp=reflexive-matrix_reflexive=0-matrix_antecedent=1-refl1=themselves-refl2=herself-precede=0	0		Some women that hadn't insulted herself were attacking a woman.
exp=reflexive-matrix_reflexive=0-matrix_antecedent=1-refl1=himself-refl2=themselves-precede=1	1		A guy that kissed himself wasn't watching humans.
exp=reflexive-matrix_reflexive=0-matrix_antecedent=1-refl1=himself-refl2=themselves-precede=0	0		A guy that kissed themselves wasn't watching humans.
exp=reflexive-matrix_reflexive=0-matrix_antecedent=1-refl1=itself-refl2=themselves-precede=1	1		The essay that has referenced itself criticizes a lot of grocery stores.
exp=reflexive-matrix_reflexive=0-matrix_antecedent=1-refl1=itself-refl2=themselves-precede=0	0		The essay that has referenced themselves criticizes a lot of grocery stores.
exp=reflexive-matrix_reflexive=0-matrix_antecedent=1-refl1=themselves-refl2=herself-precede=1	1		All guys who observe themselves were kissing a girl.
exp=reflexive-matrix_reflexive=0-matrix_antecedent=1-refl1=themselves-refl2=herself-precede=0	0		All guys who observe herself were kissing a girl.
exp=reflexive-matrix_reflexive=0-matrix_antecedent=1-refl1=themselves-refl2=herself-precede=1	1		Many girls that might insult themselves hadn't approached this girl.
exp=reflexive-matrix_reflexive=0-matrix_antecedent=1-refl1=themselves-refl2=herself-precede=0	0		Many girls that might insult herself hadn't approached this girl.
exp=reflexive-matrix_reflexive=0-matrix_antecedent=1-refl1=themselves-refl2=herself-precede=1	1		Some teenagers that watch themselves aren't referencing that girl.
exp=reflexive-matrix_reflexive=0-matrix_antecedent=1-refl1=themselves-refl2=herself-precede=0	0		Some teenagers that watch herself aren't referencing that girl.
exp=reflexive-matrix_reflexive=0-matrix_antecedent=1-refl1=themselves-refl2=herself-precede=1	1		These students who haven't observed themselves could hate a woman.
exp=reflexive-matrix_reflexive=0-matrix_antecedent=1-refl1=themselves-refl2=herself-precede=0	0		These students who haven't observed herself could hate a woman.
exp=reflexive-matrix_reflexive=0-matrix_antecedent=1-refl1=themselves-refl2=itself-precede=1	1		Teachers who are watching themselves disliked this art gallery.
exp=reflexive-matrix_reflexive=0-matrix_antecedent=1-refl1=themselves-refl2=itself-precede=0	0		Teachers who are watching itself disliked this art gallery.
exp=reflexive-matrix_reflexive=0-matrix_antecedent=1-refl1=themselves-refl2=herself-precede=1	1		A lot of people that saw themselves did work with a lady.
exp=reflexive-matrix_reflexive=0-matrix_antecedent=1-refl1=themselves-refl2=herself-precede=0	0		A lot of people that saw herself did work with a lady.
exp=reflexive-matrix_reflexive=0-matrix_antecedent=1-refl1=themselves-refl2=herself-precede=1	1		Some waitresses that worked with themselves could remember every lady.
exp=reflexive-matrix_reflexive=0-matrix_antecedent=1-refl1=themselves-refl2=herself-precede=0	0		Some waitresses that worked with herself could remember every lady.
exp=reflexive-matrix_reflexive=0-matrix_antecedent=1-refl1=itself-refl2=themselves-precede=1	1		A documentary that hasn't criticized itself hadn't insulted patients.
exp=reflexive-matrix_reflexive=0-matrix_antecedent=1-refl1=itself-refl2=themselves-precede=0	0		A documentary that hasn't criticized themselves hadn't insulted patients.
exp=reflexive-matrix_reflexive=0-matrix_antecedent=1-refl1=itself-refl2=themselves-precede=1	1		Every report that criticized itself discusses schools.
exp=reflexive-matrix_reflexive=0-matrix_antecedent=1-refl1=itself-refl2=themselves-precede=0	0		Every report that criticized themselves discusses schools.
exp=reflexive-matrix_reflexive=0-matrix_antecedent=1-refl1=themselves-refl2=herself-precede=1	1		A lot of gals that praised themselves should discuss the girl.
exp=reflexive-matrix_reflexive=0-matrix_antecedent=1-refl1=themselves-refl2=herself-precede=0	0		A lot of gals that praised herself should discuss the girl.
exp=reflexive-matrix_reflexive=0-matrix_antecedent=1-refl1=themselves-refl2=itself-precede=1	1		Drivers who respect themselves respected some cafe .
exp=reflexive-matrix_reflexive=0-matrix_antecedent=1-refl1=themselves-refl2=itself-precede=0	0		Drivers who respect itself respected some cafe .
exp=reflexive-matrix_reflexive=0-matrix_antecedent=1-refl1=himself-refl2=itself-precede=1	1		That guy that talks about himself hasn't loved every essay.
exp=reflexive-matrix_reflexive=0-matrix_antecedent=1-refl1=himself-refl2=itself-precede=0	0		That guy that talks about itself hasn't loved every essay.
exp=reflexive-matrix_reflexive=0-matrix_antecedent=1-refl1=themselves-refl2=itself-precede=1	1		Many doctors who couldn't attack themselves shouldn't flee from the mall.
exp=reflexive-matrix_reflexive=0-matrix_antecedent=1-refl1=themselves-refl2=itself-precede=0	0		Many doctors who couldn't attack itself shouldn't flee from the mall.
exp=reflexive-matrix_reflexive=0-matrix_antecedent=1-refl1=themselves-refl2=herself-precede=1	1		Many waiters that should respect themselves had loved this woman.
exp=reflexive-matrix_reflexive=0-matrix_antecedent=1-refl1=themselves-refl2=herself-precede=0	0		Many waiters that should respect herself had loved this woman.
exp=reflexive-matrix_reflexive=0-matrix_antecedent=1-refl1=themselves-refl2=himself-precede=1	1		These adults that are visiting themselves were approaching that man.
exp=reflexive-matrix_reflexive=0-matrix_antecedent=1-refl1=themselves-refl2=himself-precede=0	0		These adults that are visiting himself were approaching that man.
exp=reflexive-matrix_reflexive=0-matrix_antecedent=1-refl1=themselves-refl2=herself-precede=1	1		Many children that remember themselves wouldn't praise every girl.
exp=reflexive-matrix_reflexive=0-matrix_antecedent=1-refl1=themselves-refl2=herself-precede=0	0		Many children that remember herself wouldn't praise every girl.
exp=reflexive-matrix_reflexive=0-matrix_antecedent=1-refl1=themselves-refl2=herself-precede=1	1		These people that return to themselves talk about that waitress.
exp=reflexive-matrix_reflexive=0-matrix_antecedent=1-refl1=themselves-refl2=herself-precede=0	0		These people that return to herself talk about that waitress.
exp=reflexive-matrix_reflexive=0-matrix_antecedent=1-refl1=themselves-refl2=himself-precede=1	1		Many students who have talked to themselves have forgotten the guy.
exp=reflexive-matrix_reflexive=0-matrix_antecedent=1-refl1=themselves-refl2=himself-precede=0	0		Many students who have talked to himself have forgotten the guy.
exp=reflexive-matrix_reflexive=0-matrix_antecedent=1-refl1=himself-refl2=itself-precede=1	1		Every man that visited himself has discussed this public park.
exp=reflexive-matrix_reflexive=0-matrix_antecedent=1-refl1=himself-refl2=itself-precede=0	0		Every man that visited itself has discussed this public park.
