experiment=NPI-env=determiner_negation_biclausal-npi=ever-crucial_item=no-licensor=1-scope=1-npi_present=1	1		no gals were ever saying that the movie theaters will resemble a teacher .
experiment=NPI-env=determiner_negation_biclausal-npi=ever-crucial_item=no-licensor=1-scope=1-npi_present=0	1		no gals were often saying that the movie theaters will resemble a teacher .
experiment=NPI-env=determiner_negation_biclausal-npi=ever-crucial_item=no-licensor=1-scope=0-npi_present=1	0		the gals were ever saying that no movie theaters will resemble a teacher .
experiment=NPI-env=determiner_negation_biclausal-npi=ever-crucial_item=no-licensor=1-scope=0-npi_present=0	1		the gals were often saying that no movie theaters will resemble a teacher .
experiment=NPI-env=determiner_negation_biclausal-npi=ever-crucial_item=some-licensor=0-scope=1-npi_present=1	0		some gals were ever saying that the movie theaters will resemble a teacher .
experiment=NPI-env=determiner_negation_biclausal-npi=ever-crucial_item=some-licensor=0-scope=1-npi_present=0	1		some gals were often saying that the movie theaters will resemble a teacher .
experiment=NPI-env=determiner_negation_biclausal-npi=ever-crucial_item=some-licensor=0-scope=0-npi_present=1	0		the gals were ever saying that some movie theaters will resemble a teacher .
experiment=NPI-env=determiner_negation_biclausal-npi=ever-crucial_item=some-licensor=0-scope=0-npi_present=0	1		the gals were often saying that some movie theaters will resemble a teacher .
experiment=NPI-env=determiner_negation_biclausal-npi=ever-crucial_item=no-licensor=1-scope=1-npi_present=1	1		no person could ever imagine that the shoes resemble the play .
experiment=NPI-env=determiner_negation_biclausal-npi=ever-crucial_item=no-licensor=1-scope=1-npi_present=0	1		no person could clearly imagine that the shoes resemble the play .
experiment=NPI-env=determiner_negation_biclausal-npi=ever-crucial_item=no-licensor=1-scope=0-npi_present=1	0		the person could ever imagine that no shoes resemble the play .
experiment=NPI-env=determiner_negation_biclausal-npi=ever-crucial_item=no-licensor=1-scope=0-npi_present=0	1		the person could clearly imagine that no shoes resemble the play .
experiment=NPI-env=determiner_negation_biclausal-npi=ever-crucial_item=some-licensor=0-scope=1-npi_present=1	0		some person could ever imagine that the shoes resemble the play .
experiment=NPI-env=determiner_negation_biclausal-npi=ever-crucial_item=some-licensor=0-scope=1-npi_present=0	1		some person could clearly imagine that the shoes resemble the play .
experiment=NPI-env=determiner_negation_biclausal-npi=ever-crucial_item=some-licensor=0-scope=0-npi_present=1	0		the person could ever imagine that some shoes resemble the play .
experiment=NPI-env=determiner_negation_biclausal-npi=ever-crucial_item=some-licensor=0-scope=0-npi_present=0	1		the person could clearly imagine that some shoes resemble the play .
experiment=NPI-env=determiner_negation_biclausal-npi=ever-crucial_item=no-licensor=1-scope=1-npi_present=1	1		no actress would ever say that the eyes resemble the public park .
experiment=NPI-env=determiner_negation_biclausal-npi=ever-crucial_item=no-licensor=1-scope=1-npi_present=0	1		no actress would clearly say that the eyes resemble the public park .
experiment=NPI-env=determiner_negation_biclausal-npi=ever-crucial_item=no-licensor=1-scope=0-npi_present=1	0		the actress would ever say that no eyes resemble the public park .
experiment=NPI-env=determiner_negation_biclausal-npi=ever-crucial_item=no-licensor=1-scope=0-npi_present=0	1		the actress would clearly say that no eyes resemble the public park .
experiment=NPI-env=determiner_negation_biclausal-npi=ever-crucial_item=some-licensor=0-scope=1-npi_present=1	0		some actress would ever say that the eyes resemble the public park .
experiment=NPI-env=determiner_negation_biclausal-npi=ever-crucial_item=some-licensor=0-scope=1-npi_present=0	1		some actress would clearly say that the eyes resemble the public park .
experiment=NPI-env=determiner_negation_biclausal-npi=ever-crucial_item=some-licensor=0-scope=0-npi_present=1	0		the actress would ever say that some eyes resemble the public park .
experiment=NPI-env=determiner_negation_biclausal-npi=ever-crucial_item=some-licensor=0-scope=0-npi_present=0	1		the actress would clearly say that some eyes resemble the public park .
experiment=NPI-env=determiner_negation_biclausal-npi=ever-crucial_item=no-licensor=1-scope=1-npi_present=1	1		no adults had ever said that the guests have stretched .
experiment=NPI-env=determiner_negation_biclausal-npi=ever-crucial_item=no-licensor=1-scope=1-npi_present=0	1		no adults had really said that the guests have stretched .
experiment=NPI-env=determiner_negation_biclausal-npi=ever-crucial_item=no-licensor=1-scope=0-npi_present=1	0		the adults had ever said that no guests have stretched .
experiment=NPI-env=determiner_negation_biclausal-npi=ever-crucial_item=no-licensor=1-scope=0-npi_present=0	1		the adults had really said that no guests have stretched .
experiment=NPI-env=determiner_negation_biclausal-npi=ever-crucial_item=some-licensor=0-scope=1-npi_present=1	0		some adults had ever said that the guests have stretched .
experiment=NPI-env=determiner_negation_biclausal-npi=ever-crucial_item=some-licensor=0-scope=1-npi_present=0	1		some adults had really said that the guests have stretched .
experiment=NPI-env=determiner_negation_biclausal-npi=ever-crucial_item=some-licensor=0-scope=0-npi_present=1	0		the adults had ever said that some guests have stretched .
experiment=NPI-env=determiner_negation_biclausal-npi=ever-crucial_item=some-licensor=0-scope=0-npi_present=0	1		the adults had really said that some guests have stretched .
experiment=NPI-env=determiner_negation_biclausal-npi=ever-crucial_item=no-licensor=1-scope=1-npi_present=1	1		no woman is ever thinking that the cups resemble the actresses .
experiment=NPI-env=determiner_negation_biclausal-npi=ever-crucial_item=no-licensor=1-scope=1-npi_present=0	1		no woman is also thinking that the cups resemble the actresses .
experiment=NPI-env=determiner_negation_biclausal-npi=ever-crucial_item=no-licensor=1-scope=0-npi_present=1	0		the woman is ever thinking that no cups resemble the actresses .
experiment=NPI-env=determiner_negation_biclausal-npi=ever-crucial_item=no-licensor=1-scope=0-npi_present=0	1		the woman is also thinking that no cups resemble the actresses .
experiment=NPI-env=determiner_negation_biclausal-npi=ever-crucial_item=some-licensor=0-scope=1-npi_present=1	0		some woman is ever thinking that the cups resemble the actresses .
experiment=NPI-env=determiner_negation_biclausal-npi=ever-crucial_item=some-licensor=0-scope=1-npi_present=0	1		some woman is also thinking that the cups resemble the actresses .
experiment=NPI-env=determiner_negation_biclausal-npi=ever-crucial_item=some-licensor=0-scope=0-npi_present=1	0		the woman is ever thinking that some cups resemble the actresses .
experiment=NPI-env=determiner_negation_biclausal-npi=ever-crucial_item=some-licensor=0-scope=0-npi_present=0	1		the woman is also thinking that some cups resemble the actresses .
experiment=NPI-env=determiner_negation_biclausal-npi=ever-crucial_item=no-licensor=1-scope=1-npi_present=1	1		no customer was ever thinking that the movies are winning .
experiment=NPI-env=determiner_negation_biclausal-npi=ever-crucial_item=no-licensor=1-scope=1-npi_present=0	1		no customer was also thinking that the movies are winning .
experiment=NPI-env=determiner_negation_biclausal-npi=ever-crucial_item=none of the-licensor=1-scope=0-npi_present=1	0		a customer was ever thinking that no movies are winning .
experiment=NPI-env=determiner_negation_biclausal-npi=ever-crucial_item=none of the-licensor=1-scope=0-npi_present=0	1		a customer was also thinking that no movies are winning .
experiment=NPI-env=determiner_negation_biclausal-npi=ever-crucial_item=some-licensor=0-scope=1-npi_present=1	0		some customer was ever thinking that the movies are winning .
experiment=NPI-env=determiner_negation_biclausal-npi=ever-crucial_item=some-licensor=0-scope=1-npi_present=0	1		some customer was also thinking that the movies are winning .
experiment=NPI-env=determiner_negation_biclausal-npi=ever-crucial_item=some-licensor=0-scope=0-npi_present=1	0		a customer was ever thinking that some movies are winning .
experiment=NPI-env=determiner_negation_biclausal-npi=ever-crucial_item=some-licensor=0-scope=0-npi_present=0	1		a customer was also thinking that some movies are winning .
experiment=NPI-env=determiner_negation_biclausal-npi=ever-crucial_item=no-licensor=1-scope=1-npi_present=1	1		no boy could ever explain that the teenagers clean a scarf .
experiment=NPI-env=determiner_negation_biclausal-npi=ever-crucial_item=no-licensor=1-scope=1-npi_present=0	1		no boy could often explain that the teenagers clean a scarf .
experiment=NPI-env=determiner_negation_biclausal-npi=ever-crucial_item=none of the-licensor=1-scope=0-npi_present=1	0		a boy could ever explain that no teenagers clean a scarf .
experiment=NPI-env=determiner_negation_biclausal-npi=ever-crucial_item=none of the-licensor=1-scope=0-npi_present=0	1		a boy could often explain that no teenagers clean a scarf .
experiment=NPI-env=determiner_negation_biclausal-npi=ever-crucial_item=some-licensor=0-scope=1-npi_present=1	0		some boy could ever explain that the teenagers clean a scarf .
experiment=NPI-env=determiner_negation_biclausal-npi=ever-crucial_item=some-licensor=0-scope=1-npi_present=0	1		some boy could often explain that the teenagers clean a scarf .
experiment=NPI-env=determiner_negation_biclausal-npi=ever-crucial_item=some-licensor=0-scope=0-npi_present=1	0		a boy could ever explain that some teenagers clean a scarf .
experiment=NPI-env=determiner_negation_biclausal-npi=ever-crucial_item=some-licensor=0-scope=0-npi_present=0	1		a boy could often explain that some teenagers clean a scarf .
experiment=NPI-env=determiner_negation_biclausal-npi=ever-crucial_item=none of the-licensor=1-scope=1-npi_present=1	1		none of the men are ever imagining that the books criticize the college campus .
experiment=NPI-env=determiner_negation_biclausal-npi=ever-crucial_item=none of the-licensor=1-scope=1-npi_present=0	1		none of the men are often imagining that the books criticize the college campus .
experiment=NPI-env=determiner_negation_biclausal-npi=ever-crucial_item=no-licensor=1-scope=0-npi_present=1	0		the men are ever imagining that none of the books criticize the college campus .
experiment=NPI-env=determiner_negation_biclausal-npi=ever-crucial_item=no-licensor=1-scope=0-npi_present=0	1		the men are often imagining that none of the books criticize the college campus .
experiment=NPI-env=determiner_negation_biclausal-npi=ever-crucial_item=some-licensor=0-scope=1-npi_present=1	0		some men are ever imagining that the books criticize the college campus .
experiment=NPI-env=determiner_negation_biclausal-npi=ever-crucial_item=some-licensor=0-scope=1-npi_present=0	1		some men are often imagining that the books criticize the college campus .
experiment=NPI-env=determiner_negation_biclausal-npi=ever-crucial_item=some-licensor=0-scope=0-npi_present=1	0		the men are ever imagining that some books criticize the college campus .
experiment=NPI-env=determiner_negation_biclausal-npi=ever-crucial_item=some-licensor=0-scope=0-npi_present=0	1		the men are often imagining that some books criticize the college campus .
experiment=NPI-env=determiner_negation_biclausal-npi=ever-crucial_item=no-licensor=1-scope=1-npi_present=1	1		no guests ever did think that the art galleries might resemble a hat .
experiment=NPI-env=determiner_negation_biclausal-npi=ever-crucial_item=no-licensor=1-scope=1-npi_present=0	1		no guests often did think that the art galleries might resemble a hat .
experiment=NPI-env=determiner_negation_biclausal-npi=ever-crucial_item=no-licensor=1-scope=0-npi_present=1	0		the guests ever did think that no art galleries might resemble a hat .
experiment=NPI-env=determiner_negation_biclausal-npi=ever-crucial_item=no-licensor=1-scope=0-npi_present=0	1		the guests often did think that no art galleries might resemble a hat .
experiment=NPI-env=determiner_negation_biclausal-npi=ever-crucial_item=some-licensor=0-scope=1-npi_present=1	0		some guests ever did think that the art galleries might resemble a hat .
experiment=NPI-env=determiner_negation_biclausal-npi=ever-crucial_item=some-licensor=0-scope=1-npi_present=0	1		some guests often did think that the art galleries might resemble a hat .
experiment=NPI-env=determiner_negation_biclausal-npi=ever-crucial_item=some-licensor=0-scope=0-npi_present=1	0		the guests ever did think that some art galleries might resemble a hat .
experiment=NPI-env=determiner_negation_biclausal-npi=ever-crucial_item=some-licensor=0-scope=0-npi_present=0	1		the guests often did think that some art galleries might resemble a hat .
experiment=NPI-env=determiner_negation_biclausal-npi=ever-crucial_item=no-licensor=1-scope=1-npi_present=1	1		no waiter would ever explain that the shoes shrink .
experiment=NPI-env=determiner_negation_biclausal-npi=ever-crucial_item=no-licensor=1-scope=1-npi_present=0	1		no waiter would also explain that the shoes shrink .
experiment=NPI-env=determiner_negation_biclausal-npi=ever-crucial_item=none of the-licensor=1-scope=0-npi_present=1	0		a waiter would ever explain that no shoes shrink .
experiment=NPI-env=determiner_negation_biclausal-npi=ever-crucial_item=none of the-licensor=1-scope=0-npi_present=0	1		a waiter would also explain that no shoes shrink .
experiment=NPI-env=determiner_negation_biclausal-npi=ever-crucial_item=some-licensor=0-scope=1-npi_present=1	0		some waiter would ever explain that the shoes shrink .
experiment=NPI-env=determiner_negation_biclausal-npi=ever-crucial_item=some-licensor=0-scope=1-npi_present=0	1		some waiter would also explain that the shoes shrink .
experiment=NPI-env=determiner_negation_biclausal-npi=ever-crucial_item=some-licensor=0-scope=0-npi_present=1	0		a waiter would ever explain that some shoes shrink .
experiment=NPI-env=determiner_negation_biclausal-npi=ever-crucial_item=some-licensor=0-scope=0-npi_present=0	1		a waiter would also explain that some shoes shrink .
experiment=NPI-env=negation-npi=yet-crucial_item=no-licensor=1-scope=1-npi_present=1	1		no teenager said that the public parks resemble the cafe yet .
experiment=NPI-env=negation-npi=yet-crucial_item=no-licensor=1-scope=1-npi_present=0	1		no teenager said that the public parks resemble the cafe on occasion .
experiment=NPI-env=negation-npi=yet-crucial_item=none of the-licensor=1-scope=0-npi_present=1	0		the teenager said yet that no public parks resemble the cafe .
experiment=NPI-env=negation-npi=yet-crucial_item=none of the-licensor=1-scope=0-npi_present=0	1		the teenager said on occasion that no public parks resemble the cafe .
experiment=NPI-env=determiner_negation_biclausal-npi=yet-crucial_item=some-licensor=0-scope=1-npi_present=1	0		some teenager said that the public parks resemble the cafe yet .
experiment=NPI-env=determiner_negation_biclausal-npi=yet-crucial_item=some-licensor=0-scope=1-npi_present=0	1		some teenager said that the public parks resemble the cafe on occasion .
experiment=NPI-env=determiner_negation_biclausal-npi=yet-crucial_item=some-licensor=0-scope=0-npi_present=1	0		the teenager said yet that some public parks resemble the cafe .
experiment=NPI-env=determiner_negation_biclausal-npi=yet-crucial_item=some-licensor=0-scope=0-npi_present=0	1		the teenager said on occasion that some public parks resemble the cafe .
experiment=NPI-env=negation-npi=yet-crucial_item=no-licensor=1-scope=1-npi_present=1	1		no child imagined that the men are stretching yet .
experiment=NPI-env=negation-npi=yet-crucial_item=no-licensor=1-scope=1-npi_present=0	1		no child imagined that the men are stretching as well .
experiment=NPI-env=negation-npi=yet-crucial_item=none of the-licensor=1-scope=0-npi_present=1	0		the child imagined yet that no men are stretching .
experiment=NPI-env=negation-npi=yet-crucial_item=none of the-licensor=1-scope=0-npi_present=0	1		the child imagined as well that no men are stretching .
experiment=NPI-env=determiner_negation_biclausal-npi=yet-crucial_item=some-licensor=0-scope=1-npi_present=1	0		some child imagined that the men are stretching yet .
experiment=NPI-env=determiner_negation_biclausal-npi=yet-crucial_item=some-licensor=0-scope=1-npi_present=0	1		some child imagined that the men are stretching as well .
experiment=NPI-env=determiner_negation_biclausal-npi=yet-crucial_item=some-licensor=0-scope=0-npi_present=1	0		the child imagined yet that some men are stretching .
experiment=NPI-env=determiner_negation_biclausal-npi=yet-crucial_item=some-licensor=0-scope=0-npi_present=0	1		the child imagined as well that some men are stretching .
experiment=NPI-env=negation-npi=yet-crucial_item=none of the-licensor=1-scope=1-npi_present=1	1		none of the boys explain that the cars will resemble a lady yet .
experiment=NPI-env=negation-npi=yet-crucial_item=none of the-licensor=1-scope=1-npi_present=0	1		none of the boys explain that the cars will resemble a lady as well .
experiment=NPI-env=negation-npi=yet-crucial_item=none of the-licensor=1-scope=0-npi_present=1	0		the boys explain yet that none of the cars will resemble a lady .
experiment=NPI-env=negation-npi=yet-crucial_item=none of the-licensor=1-scope=0-npi_present=0	1		the boys explain as well that none of the cars will resemble a lady .
experiment=NPI-env=determiner_negation_biclausal-npi=yet-crucial_item=some-licensor=0-scope=1-npi_present=1	0		some boys explain that the cars will resemble a lady yet .
experiment=NPI-env=determiner_negation_biclausal-npi=yet-crucial_item=some-licensor=0-scope=1-npi_present=0	1		some boys explain that the cars will resemble a lady as well .
experiment=NPI-env=determiner_negation_biclausal-npi=yet-crucial_item=some-licensor=0-scope=0-npi_present=1	0		the boys explain yet that some cars will resemble a lady .
experiment=NPI-env=determiner_negation_biclausal-npi=yet-crucial_item=some-licensor=0-scope=0-npi_present=0	1		the boys explain as well that some cars will resemble a lady .
experiment=NPI-env=negation-npi=yet-crucial_item=no-licensor=1-scope=1-npi_present=1	1		no teenagers thought that the teenagers blink yet .
experiment=NPI-env=negation-npi=yet-crucial_item=no-licensor=1-scope=1-npi_present=0	1		no teenagers thought that the teenagers blink on occasion .
experiment=NPI-env=negation-npi=yet-crucial_item=no-licensor=1-scope=0-npi_present=1	0		the teenagers thought yet that no teenagers blink .
experiment=NPI-env=negation-npi=yet-crucial_item=no-licensor=1-scope=0-npi_present=0	1		the teenagers thought on occasion that no teenagers blink .
experiment=NPI-env=determiner_negation_biclausal-npi=yet-crucial_item=some-licensor=0-scope=1-npi_present=1	0		some teenagers thought that the teenagers blink yet .
experiment=NPI-env=determiner_negation_biclausal-npi=yet-crucial_item=some-licensor=0-scope=1-npi_present=0	1		some teenagers thought that the teenagers blink on occasion .
experiment=NPI-env=determiner_negation_biclausal-npi=yet-crucial_item=some-licensor=0-scope=0-npi_present=1	0		the teenagers thought yet that some teenagers blink .
experiment=NPI-env=determiner_negation_biclausal-npi=yet-crucial_item=some-licensor=0-scope=0-npi_present=0	1		the teenagers thought on occasion that some teenagers blink .
experiment=NPI-env=negation-npi=yet-crucial_item=no-licensor=1-scope=1-npi_present=1	1		no patients are imagining that the malls can resemble the schools yet .
experiment=NPI-env=negation-npi=yet-crucial_item=no-licensor=1-scope=1-npi_present=0	1		no patients are imagining that the malls can resemble the schools on occasion .
experiment=NPI-env=negation-npi=yet-crucial_item=no-licensor=1-scope=0-npi_present=1	0		the patients are imagining yet that no malls can resemble the schools .
experiment=NPI-env=negation-npi=yet-crucial_item=no-licensor=1-scope=0-npi_present=0	1		the patients are imagining on occasion that no malls can resemble the schools .
experiment=NPI-env=determiner_negation_biclausal-npi=yet-crucial_item=some-licensor=0-scope=1-npi_present=1	0		some patients are imagining that the malls can resemble the schools yet .
experiment=NPI-env=determiner_negation_biclausal-npi=yet-crucial_item=some-licensor=0-scope=1-npi_present=0	1		some patients are imagining that the malls can resemble the schools on occasion .
experiment=NPI-env=determiner_negation_biclausal-npi=yet-crucial_item=some-licensor=0-scope=0-npi_present=1	0		the patients are imagining yet that some malls can resemble the schools .
experiment=NPI-env=determiner_negation_biclausal-npi=yet-crucial_item=some-licensor=0-scope=0-npi_present=0	1		the patients are imagining on occasion that some malls can resemble the schools .
experiment=NPI-env=negation-npi=yet-crucial_item=no-licensor=1-scope=1-npi_present=1	1		no driver thinks that the students would discuss the actor yet .
experiment=NPI-env=negation-npi=yet-crucial_item=no-licensor=1-scope=1-npi_present=0	1		no driver thinks that the students would discuss the actor for a while .
experiment=NPI-env=negation-npi=yet-crucial_item=none of the-licensor=1-scope=0-npi_present=1	0		a driver thinks yet that no students would discuss the actor .
experiment=NPI-env=negation-npi=yet-crucial_item=none of the-licensor=1-scope=0-npi_present=0	1		a driver thinks for a while that no students would discuss the actor .
experiment=NPI-env=determiner_negation_biclausal-npi=yet-crucial_item=some-licensor=0-scope=1-npi_present=1	0		some driver thinks that the students would discuss the actor yet .
experiment=NPI-env=determiner_negation_biclausal-npi=yet-crucial_item=some-licensor=0-scope=1-npi_present=0	1		some driver thinks that the students would discuss the actor for a while .
experiment=NPI-env=determiner_negation_biclausal-npi=yet-crucial_item=some-licensor=0-scope=0-npi_present=1	0		a driver thinks yet that some students would discuss the actor .
experiment=NPI-env=determiner_negation_biclausal-npi=yet-crucial_item=some-licensor=0-scope=0-npi_present=0	1		a driver thinks for a while that some students would discuss the actor .
experiment=NPI-env=negation-npi=yet-crucial_item=no-licensor=1-scope=1-npi_present=1	1		no human is thinking that the cars might resemble the glass yet .
experiment=NPI-env=negation-npi=yet-crucial_item=no-licensor=1-scope=1-npi_present=0	1		no human is thinking that the cars might resemble the glass on weekends .
experiment=NPI-env=negation-npi=yet-crucial_item=no-licensor=1-scope=0-npi_present=1	0		the human is thinking yet that no cars might resemble the glass .
experiment=NPI-env=negation-npi=yet-crucial_item=no-licensor=1-scope=0-npi_present=0	1		the human is thinking on weekends that no cars might resemble the glass .
experiment=NPI-env=determiner_negation_biclausal-npi=yet-crucial_item=some-licensor=0-scope=1-npi_present=1	0		some human is thinking that the cars might resemble the glass yet .
experiment=NPI-env=determiner_negation_biclausal-npi=yet-crucial_item=some-licensor=0-scope=1-npi_present=0	1		some human is thinking that the cars might resemble the glass on weekends .
experiment=NPI-env=determiner_negation_biclausal-npi=yet-crucial_item=some-licensor=0-scope=0-npi_present=1	0		the human is thinking yet that some cars might resemble the glass .
experiment=NPI-env=determiner_negation_biclausal-npi=yet-crucial_item=some-licensor=0-scope=0-npi_present=0	1		the human is thinking on weekends that some cars might resemble the glass .
experiment=NPI-env=negation-npi=yet-crucial_item=no-licensor=1-scope=1-npi_present=1	1		no guy thought that the movies can insult the reports yet .
experiment=NPI-env=negation-npi=yet-crucial_item=no-licensor=1-scope=1-npi_present=0	1		no guy thought that the movies can insult the reports as well .
experiment=NPI-env=negation-npi=yet-crucial_item=none of the-licensor=1-scope=0-npi_present=1	0		a guy thought yet that no movies can insult the reports .
experiment=NPI-env=negation-npi=yet-crucial_item=none of the-licensor=1-scope=0-npi_present=0	1		a guy thought as well that no movies can insult the reports .
experiment=NPI-env=determiner_negation_biclausal-npi=yet-crucial_item=some-licensor=0-scope=1-npi_present=1	0		some guy thought that the movies can insult the reports yet .
experiment=NPI-env=determiner_negation_biclausal-npi=yet-crucial_item=some-licensor=0-scope=1-npi_present=0	1		some guy thought that the movies can insult the reports as well .
experiment=NPI-env=determiner_negation_biclausal-npi=yet-crucial_item=some-licensor=0-scope=0-npi_present=1	0		a guy thought yet that some movies can insult the reports .
experiment=NPI-env=determiner_negation_biclausal-npi=yet-crucial_item=some-licensor=0-scope=0-npi_present=0	1		a guy thought as well that some movies can insult the reports .
experiment=NPI-env=negation-npi=yet-crucial_item=no-licensor=1-scope=1-npi_present=1	1		no man said that the reports disagreed yet .
experiment=NPI-env=negation-npi=yet-crucial_item=no-licensor=1-scope=1-npi_present=0	1		no man said that the reports disagreed as well .
experiment=NPI-env=negation-npi=yet-crucial_item=no-licensor=1-scope=0-npi_present=1	0		a man said yet that no reports disagreed .
experiment=NPI-env=negation-npi=yet-crucial_item=no-licensor=1-scope=0-npi_present=0	1		a man said as well that no reports disagreed .
experiment=NPI-env=determiner_negation_biclausal-npi=yet-crucial_item=some-licensor=0-scope=1-npi_present=1	0		some man said that the reports disagreed yet .
experiment=NPI-env=determiner_negation_biclausal-npi=yet-crucial_item=some-licensor=0-scope=1-npi_present=0	1		some man said that the reports disagreed as well .
experiment=NPI-env=determiner_negation_biclausal-npi=yet-crucial_item=some-licensor=0-scope=0-npi_present=1	0		a man said yet that some reports disagreed .
experiment=NPI-env=determiner_negation_biclausal-npi=yet-crucial_item=some-licensor=0-scope=0-npi_present=0	1		a man said as well that some reports disagreed .
experiment=NPI-env=negation-npi=yet-crucial_item=no-licensor=1-scope=1-npi_present=1	1		no ladies are saying that the movies had talked about the boys yet .
experiment=NPI-env=negation-npi=yet-crucial_item=no-licensor=1-scope=1-npi_present=0	1		no ladies are saying that the movies had talked about the boys regularly .
experiment=NPI-env=negation-npi=yet-crucial_item=no-licensor=1-scope=0-npi_present=1	0		the ladies are saying yet that no movies had talked about the boys .
experiment=NPI-env=negation-npi=yet-crucial_item=no-licensor=1-scope=0-npi_present=0	1		the ladies are saying regularly that no movies had talked about the boys .
experiment=NPI-env=determiner_negation_biclausal-npi=yet-crucial_item=some-licensor=0-scope=1-npi_present=1	0		some ladies are saying that the movies had talked about the boys yet .
experiment=NPI-env=determiner_negation_biclausal-npi=yet-crucial_item=some-licensor=0-scope=1-npi_present=0	1		some ladies are saying that the movies had talked about the boys regularly .
experiment=NPI-env=determiner_negation_biclausal-npi=yet-crucial_item=some-licensor=0-scope=0-npi_present=1	0		the ladies are saying yet that some movies had talked about the boys .
experiment=NPI-env=determiner_negation_biclausal-npi=yet-crucial_item=some-licensor=0-scope=0-npi_present=0	1		the ladies are saying regularly that some movies had talked about the boys .
experiment=NPI-env=negation-npi=at all-crucial_item=no-licensor=1-scope=1-npi_present=1	1		no guys do explain that the adults scanned a documentary at all .
experiment=NPI-env=negation-npi=at all-crucial_item=no-licensor=1-scope=1-npi_present=0	1		no guys do explain that the adults scanned a documentary as well .
experiment=NPI-env=negation-npi=at all-crucial_item=none of the-licensor=1-scope=0-npi_present=1	0		the guys do explain at all that no adults scanned a documentary .
experiment=NPI-env=negation-npi=at all-crucial_item=none of the-licensor=1-scope=0-npi_present=0	1		the guys do explain as well that no adults scanned a documentary .
experiment=NPI-env=determiner_negation_biclausal-npi=at all-crucial_item=some-licensor=0-scope=1-npi_present=1	0		some guys do explain that the adults scanned a documentary at all .
experiment=NPI-env=determiner_negation_biclausal-npi=at all-crucial_item=some-licensor=0-scope=1-npi_present=0	1		some guys do explain that the adults scanned a documentary as well .
experiment=NPI-env=determiner_negation_biclausal-npi=at all-crucial_item=some-licensor=0-scope=0-npi_present=1	0		the guys do explain at all that some adults scanned a documentary .
experiment=NPI-env=determiner_negation_biclausal-npi=at all-crucial_item=some-licensor=0-scope=0-npi_present=0	1		the guys do explain as well that some adults scanned a documentary .
experiment=NPI-env=negation-npi=at all-crucial_item=no-licensor=1-scope=1-npi_present=1	1		no doctor was saying that the people have married at all .
experiment=NPI-env=negation-npi=at all-crucial_item=no-licensor=1-scope=1-npi_present=0	1		no doctor was saying that the people have married on occasion .
experiment=NPI-env=negation-npi=at all-crucial_item=none of the-licensor=1-scope=0-npi_present=1	0		a doctor was saying at all that no people have married .
experiment=NPI-env=negation-npi=at all-crucial_item=none of the-licensor=1-scope=0-npi_present=0	1		a doctor was saying on occasion that no people have married .
experiment=NPI-env=determiner_negation_biclausal-npi=at all-crucial_item=some-licensor=0-scope=1-npi_present=1	0		some doctor was saying that the people have married at all .
experiment=NPI-env=determiner_negation_biclausal-npi=at all-crucial_item=some-licensor=0-scope=1-npi_present=0	1		some doctor was saying that the people have married on occasion .
experiment=NPI-env=determiner_negation_biclausal-npi=at all-crucial_item=some-licensor=0-scope=0-npi_present=1	0		a doctor was saying at all that some people have married .
experiment=NPI-env=determiner_negation_biclausal-npi=at all-crucial_item=some-licensor=0-scope=0-npi_present=0	1		a doctor was saying on occasion that some people have married .
experiment=NPI-env=negation-npi=at all-crucial_item=no-licensor=1-scope=1-npi_present=1	1		no humans are explaining that the adults escape from the art galleries at all .
experiment=NPI-env=negation-npi=at all-crucial_item=no-licensor=1-scope=1-npi_present=0	1		no humans are explaining that the adults escape from the art galleries for a while .
experiment=NPI-env=negation-npi=at all-crucial_item=none of the-licensor=1-scope=0-npi_present=1	0		the humans are explaining at all that no adults escape from the art galleries .
experiment=NPI-env=negation-npi=at all-crucial_item=none of the-licensor=1-scope=0-npi_present=0	1		the humans are explaining for a while that no adults escape from the art galleries .
experiment=NPI-env=determiner_negation_biclausal-npi=at all-crucial_item=some-licensor=0-scope=1-npi_present=1	0		some humans are explaining that the adults escape from the art galleries at all .
experiment=NPI-env=determiner_negation_biclausal-npi=at all-crucial_item=some-licensor=0-scope=1-npi_present=0	1		some humans are explaining that the adults escape from the art galleries for a while .
experiment=NPI-env=determiner_negation_biclausal-npi=at all-crucial_item=some-licensor=0-scope=0-npi_present=1	0		the humans are explaining at all that some adults escape from the art galleries .
experiment=NPI-env=determiner_negation_biclausal-npi=at all-crucial_item=some-licensor=0-scope=0-npi_present=0	1		the humans are explaining for a while that some adults escape from the art galleries .
experiment=NPI-env=negation-npi=at all-crucial_item=none of the-licensor=1-scope=1-npi_present=1	1		none of the drivers had thought that the humans flirt at all .
experiment=NPI-env=negation-npi=at all-crucial_item=none of the-licensor=1-scope=1-npi_present=0	1		none of the drivers had thought that the humans flirt for a while .
experiment=NPI-env=negation-npi=at all-crucial_item=no-licensor=1-scope=0-npi_present=1	0		the drivers had thought at all that none of the humans flirt .
experiment=NPI-env=negation-npi=at all-crucial_item=no-licensor=1-scope=0-npi_present=0	1		the drivers had thought for a while that none of the humans flirt .
experiment=NPI-env=determiner_negation_biclausal-npi=at all-crucial_item=some-licensor=0-scope=1-npi_present=1	0		some drivers had thought that the humans flirt at all .
experiment=NPI-env=determiner_negation_biclausal-npi=at all-crucial_item=some-licensor=0-scope=1-npi_present=0	1		some drivers had thought that the humans flirt for a while .
experiment=NPI-env=determiner_negation_biclausal-npi=at all-crucial_item=some-licensor=0-scope=0-npi_present=1	0		the drivers had thought at all that some humans flirt .
experiment=NPI-env=determiner_negation_biclausal-npi=at all-crucial_item=some-licensor=0-scope=0-npi_present=0	1		the drivers had thought for a while that some humans flirt .
experiment=NPI-env=negation-npi=at all-crucial_item=no-licensor=1-scope=1-npi_present=1	1		no girl explained that the cashiers clash at all .
experiment=NPI-env=negation-npi=at all-crucial_item=no-licensor=1-scope=1-npi_present=0	1		no girl explained that the cashiers clash regularly .
experiment=NPI-env=negation-npi=at all-crucial_item=none of the-licensor=1-scope=0-npi_present=1	0		a girl explained at all that no cashiers clash .
experiment=NPI-env=negation-npi=at all-crucial_item=none of the-licensor=1-scope=0-npi_present=0	1		a girl explained regularly that no cashiers clash .
experiment=NPI-env=determiner_negation_biclausal-npi=at all-crucial_item=some-licensor=0-scope=1-npi_present=1	0		some girl explained that the cashiers clash at all .
experiment=NPI-env=determiner_negation_biclausal-npi=at all-crucial_item=some-licensor=0-scope=1-npi_present=0	1		some girl explained that the cashiers clash regularly .
experiment=NPI-env=determiner_negation_biclausal-npi=at all-crucial_item=some-licensor=0-scope=0-npi_present=1	0		a girl explained at all that some cashiers clash .
experiment=NPI-env=determiner_negation_biclausal-npi=at all-crucial_item=some-licensor=0-scope=0-npi_present=0	1		a girl explained regularly that some cashiers clash .
experiment=NPI-env=negation-npi=at all-crucial_item=no-licensor=1-scope=1-npi_present=1	1		no boy should explain that the cashiers respect the woman at all .
experiment=NPI-env=negation-npi=at all-crucial_item=no-licensor=1-scope=1-npi_present=0	1		no boy should explain that the cashiers respect the woman regularly .
experiment=NPI-env=negation-npi=at all-crucial_item=no-licensor=1-scope=0-npi_present=1	0		a boy should explain at all that no cashiers respect the woman .
experiment=NPI-env=negation-npi=at all-crucial_item=no-licensor=1-scope=0-npi_present=0	1		a boy should explain regularly that no cashiers respect the woman .
experiment=NPI-env=determiner_negation_biclausal-npi=at all-crucial_item=some-licensor=0-scope=1-npi_present=1	0		some boy should explain that the cashiers respect the woman at all .
experiment=NPI-env=determiner_negation_biclausal-npi=at all-crucial_item=some-licensor=0-scope=1-npi_present=0	1		some boy should explain that the cashiers respect the woman regularly .
experiment=NPI-env=determiner_negation_biclausal-npi=at all-crucial_item=some-licensor=0-scope=0-npi_present=1	0		a boy should explain at all that some cashiers respect the woman .
experiment=NPI-env=determiner_negation_biclausal-npi=at all-crucial_item=some-licensor=0-scope=0-npi_present=0	1		a boy should explain regularly that some cashiers respect the woman .
experiment=NPI-env=negation-npi=at all-crucial_item=no-licensor=1-scope=1-npi_present=1	1		no girl is saying that the pedestrians hate the commentaries at all .
experiment=NPI-env=negation-npi=at all-crucial_item=no-licensor=1-scope=1-npi_present=0	1		no girl is saying that the pedestrians hate the commentaries on occasion .
experiment=NPI-env=negation-npi=at all-crucial_item=none of the-licensor=1-scope=0-npi_present=1	0		the girl is saying at all that no pedestrians hate the commentaries .
experiment=NPI-env=negation-npi=at all-crucial_item=none of the-licensor=1-scope=0-npi_present=0	1		the girl is saying on occasion that no pedestrians hate the commentaries .
experiment=NPI-env=determiner_negation_biclausal-npi=at all-crucial_item=some-licensor=0-scope=1-npi_present=1	0		some girl is saying that the pedestrians hate the commentaries at all .
experiment=NPI-env=determiner_negation_biclausal-npi=at all-crucial_item=some-licensor=0-scope=1-npi_present=0	1		some girl is saying that the pedestrians hate the commentaries on occasion .
experiment=NPI-env=determiner_negation_biclausal-npi=at all-crucial_item=some-licensor=0-scope=0-npi_present=1	0		the girl is saying at all that some pedestrians hate the commentaries .
experiment=NPI-env=determiner_negation_biclausal-npi=at all-crucial_item=some-licensor=0-scope=0-npi_present=0	1		the girl is saying on occasion that some pedestrians hate the commentaries .
experiment=NPI-env=negation-npi=at all-crucial_item=no-licensor=1-scope=1-npi_present=1	1		no student thought that the teachers will bake at all .
experiment=NPI-env=negation-npi=at all-crucial_item=no-licensor=1-scope=1-npi_present=0	1		no student thought that the teachers will bake regularly .
experiment=NPI-env=negation-npi=at all-crucial_item=none of the-licensor=1-scope=0-npi_present=1	0		the student thought at all that no teachers will bake .
experiment=NPI-env=negation-npi=at all-crucial_item=none of the-licensor=1-scope=0-npi_present=0	1		the student thought regularly that no teachers will bake .
experiment=NPI-env=determiner_negation_biclausal-npi=at all-crucial_item=some-licensor=0-scope=1-npi_present=1	0		some student thought that the teachers will bake at all .
experiment=NPI-env=determiner_negation_biclausal-npi=at all-crucial_item=some-licensor=0-scope=1-npi_present=0	1		some student thought that the teachers will bake regularly .
experiment=NPI-env=determiner_negation_biclausal-npi=at all-crucial_item=some-licensor=0-scope=0-npi_present=1	0		the student thought at all that some teachers will bake .
experiment=NPI-env=determiner_negation_biclausal-npi=at all-crucial_item=some-licensor=0-scope=0-npi_present=0	1		the student thought regularly that some teachers will bake .
experiment=NPI-env=negation-npi=at all-crucial_item=none of the-licensor=1-scope=1-npi_present=1	1		none of the actors had said that the teenagers could debate at all .
experiment=NPI-env=negation-npi=at all-crucial_item=none of the-licensor=1-scope=1-npi_present=0	1		none of the actors had said that the teenagers could debate as well .
experiment=NPI-env=negation-npi=at all-crucial_item=no-licensor=1-scope=0-npi_present=1	0		the actors had said at all that none of the teenagers could debate .
experiment=NPI-env=negation-npi=at all-crucial_item=no-licensor=1-scope=0-npi_present=0	1		the actors had said as well that none of the teenagers could debate .
experiment=NPI-env=determiner_negation_biclausal-npi=at all-crucial_item=some-licensor=0-scope=1-npi_present=1	0		some actors had said that the teenagers could debate at all .
experiment=NPI-env=determiner_negation_biclausal-npi=at all-crucial_item=some-licensor=0-scope=1-npi_present=0	1		some actors had said that the teenagers could debate as well .
experiment=NPI-env=determiner_negation_biclausal-npi=at all-crucial_item=some-licensor=0-scope=0-npi_present=1	0		the actors had said at all that some teenagers could debate .
experiment=NPI-env=determiner_negation_biclausal-npi=at all-crucial_item=some-licensor=0-scope=0-npi_present=0	1		the actors had said as well that some teenagers could debate .
experiment=NPI-env=negation-npi=at all-crucial_item=no-licensor=1-scope=1-npi_present=1	1		no humans were saying that the teachers sat down at all .
experiment=NPI-env=negation-npi=at all-crucial_item=no-licensor=1-scope=1-npi_present=0	1		no humans were saying that the teachers sat down on weekends .
experiment=NPI-env=negation-npi=at all-crucial_item=none of the-licensor=1-scope=0-npi_present=1	0		the humans were saying at all that no teachers sat down .
experiment=NPI-env=negation-npi=at all-crucial_item=none of the-licensor=1-scope=0-npi_present=0	1		the humans were saying on weekends that no teachers sat down .
experiment=NPI-env=determiner_negation_biclausal-npi=at all-crucial_item=some-licensor=0-scope=1-npi_present=1	0		some humans were saying that the teachers sat down at all .
experiment=NPI-env=determiner_negation_biclausal-npi=at all-crucial_item=some-licensor=0-scope=1-npi_present=0	1		some humans were saying that the teachers sat down on weekends .
experiment=NPI-env=determiner_negation_biclausal-npi=at all-crucial_item=some-licensor=0-scope=0-npi_present=1	0		the humans were saying at all that some teachers sat down .
experiment=NPI-env=determiner_negation_biclausal-npi=at all-crucial_item=some-licensor=0-scope=0-npi_present=0	1		the humans were saying on weekends that some teachers sat down .
experiment=NPI-env=negation-npi=in years-crucial_item=no-licensor=1-scope=1-npi_present=1	1		no woman thought that the drivers had responded in years .
experiment=NPI-env=negation-npi=in years-crucial_item=no-licensor=1-scope=1-npi_present=0	1		no woman thought that the drivers had responded as well .
experiment=NPI-env=negation-npi=in years-crucial_item=none of the-licensor=1-scope=0-npi_present=1	0		the woman thought in years that no drivers had responded .
experiment=NPI-env=negation-npi=in years-crucial_item=none of the-licensor=1-scope=0-npi_present=0	1		the woman thought as well that no drivers had responded .
experiment=NPI-env=determiner_negation_biclausal-npi=in years-crucial_item=some-licensor=0-scope=1-npi_present=1	0		some woman thought that the drivers had responded in years .
experiment=NPI-env=determiner_negation_biclausal-npi=in years-crucial_item=some-licensor=0-scope=1-npi_present=0	1		some woman thought that the drivers had responded as well .
experiment=NPI-env=determiner_negation_biclausal-npi=in years-crucial_item=some-licensor=0-scope=0-npi_present=1	0		the woman thought in years that some drivers had responded .
experiment=NPI-env=determiner_negation_biclausal-npi=in years-crucial_item=some-licensor=0-scope=0-npi_present=0	1		the woman thought as well that some drivers had responded .
experiment=NPI-env=negation-npi=in years-crucial_item=no-licensor=1-scope=1-npi_present=1	1		no humans imagined that the guests escaped from the drivers in years .
experiment=NPI-env=negation-npi=in years-crucial_item=no-licensor=1-scope=1-npi_present=0	1		no humans imagined that the guests escaped from the drivers on occasion .
experiment=NPI-env=negation-npi=in years-crucial_item=none of the-licensor=1-scope=0-npi_present=1	0		the humans imagined in years that no guests escaped from the drivers .
experiment=NPI-env=negation-npi=in years-crucial_item=none of the-licensor=1-scope=0-npi_present=0	1		the humans imagined on occasion that no guests escaped from the drivers .
experiment=NPI-env=determiner_negation_biclausal-npi=in years-crucial_item=some-licensor=0-scope=1-npi_present=1	0		some humans imagined that the guests escaped from the drivers in years .
experiment=NPI-env=determiner_negation_biclausal-npi=in years-crucial_item=some-licensor=0-scope=1-npi_present=0	1		some humans imagined that the guests escaped from the drivers on occasion .
experiment=NPI-env=determiner_negation_biclausal-npi=in years-crucial_item=some-licensor=0-scope=0-npi_present=1	0		the humans imagined in years that some guests escaped from the drivers .
experiment=NPI-env=determiner_negation_biclausal-npi=in years-crucial_item=some-licensor=0-scope=0-npi_present=0	1		the humans imagined on occasion that some guests escaped from the drivers .
experiment=NPI-env=negation-npi=in years-crucial_item=no-licensor=1-scope=1-npi_present=1	1		no gals have said that the patients painted in years .
experiment=NPI-env=negation-npi=in years-crucial_item=no-licensor=1-scope=1-npi_present=0	1		no gals have said that the patients painted as well .
experiment=NPI-env=negation-npi=in years-crucial_item=none of the-licensor=1-scope=0-npi_present=1	0		the gals have said in years that no patients painted .
experiment=NPI-env=negation-npi=in years-crucial_item=none of the-licensor=1-scope=0-npi_present=0	1		the gals have said as well that no patients painted .
experiment=NPI-env=determiner_negation_biclausal-npi=in years-crucial_item=some-licensor=0-scope=1-npi_present=1	0		some gals have said that the patients painted in years .
experiment=NPI-env=determiner_negation_biclausal-npi=in years-crucial_item=some-licensor=0-scope=1-npi_present=0	1		some gals have said that the patients painted as well .
experiment=NPI-env=determiner_negation_biclausal-npi=in years-crucial_item=some-licensor=0-scope=0-npi_present=1	0		the gals have said in years that some patients painted .
experiment=NPI-env=determiner_negation_biclausal-npi=in years-crucial_item=some-licensor=0-scope=0-npi_present=0	1		the gals have said as well that some patients painted .
experiment=NPI-env=negation-npi=in years-crucial_item=no-licensor=1-scope=1-npi_present=1	1		no cashiers explained that the humans passed the hospitals in years .
experiment=NPI-env=negation-npi=in years-crucial_item=no-licensor=1-scope=1-npi_present=0	1		no cashiers explained that the humans passed the hospitals regularly .
experiment=NPI-env=negation-npi=in years-crucial_item=none of the-licensor=1-scope=0-npi_present=1	0		the cashiers explained in years that no humans passed the hospitals .
experiment=NPI-env=negation-npi=in years-crucial_item=none of the-licensor=1-scope=0-npi_present=0	1		the cashiers explained regularly that no humans passed the hospitals .
experiment=NPI-env=determiner_negation_biclausal-npi=in years-crucial_item=some-licensor=0-scope=1-npi_present=1	0		some cashiers explained that the humans passed the hospitals in years .
experiment=NPI-env=determiner_negation_biclausal-npi=in years-crucial_item=some-licensor=0-scope=1-npi_present=0	1		some cashiers explained that the humans passed the hospitals regularly .
experiment=NPI-env=determiner_negation_biclausal-npi=in years-crucial_item=some-licensor=0-scope=0-npi_present=1	0		the cashiers explained in years that some humans passed the hospitals .
experiment=NPI-env=determiner_negation_biclausal-npi=in years-crucial_item=some-licensor=0-scope=0-npi_present=0	1		the cashiers explained regularly that some humans passed the hospitals .
experiment=NPI-env=negation-npi=in years-crucial_item=none of the-licensor=1-scope=1-npi_present=1	1		none of the guys thought that the men have whispered in years .
experiment=NPI-env=negation-npi=in years-crucial_item=none of the-licensor=1-scope=1-npi_present=0	1		none of the guys thought that the men have whispered for a while .
experiment=NPI-env=negation-npi=in years-crucial_item=none of the-licensor=1-scope=0-npi_present=1	0		the guys thought in years that none of the men have whispered .
experiment=NPI-env=negation-npi=in years-crucial_item=none of the-licensor=1-scope=0-npi_present=0	1		the guys thought for a while that none of the men have whispered .
experiment=NPI-env=determiner_negation_biclausal-npi=in years-crucial_item=some-licensor=0-scope=1-npi_present=1	0		some guys thought that the men have whispered in years .
experiment=NPI-env=determiner_negation_biclausal-npi=in years-crucial_item=some-licensor=0-scope=1-npi_present=0	1		some guys thought that the men have whispered for a while .
experiment=NPI-env=determiner_negation_biclausal-npi=in years-crucial_item=some-licensor=0-scope=0-npi_present=1	0		the guys thought in years that some men have whispered .
experiment=NPI-env=determiner_negation_biclausal-npi=in years-crucial_item=some-licensor=0-scope=0-npi_present=0	1		the guys thought for a while that some men have whispered .
experiment=NPI-env=negation-npi=in years-crucial_item=no-licensor=1-scope=1-npi_present=1	1		no teenagers have imagined that the customers attacked the gals in years .
experiment=NPI-env=negation-npi=in years-crucial_item=no-licensor=1-scope=1-npi_present=0	1		no teenagers have imagined that the customers attacked the gals on weekends .
experiment=NPI-env=negation-npi=in years-crucial_item=no-licensor=1-scope=0-npi_present=1	0		the teenagers have imagined in years that no customers attacked the gals .
experiment=NPI-env=negation-npi=in years-crucial_item=no-licensor=1-scope=0-npi_present=0	1		the teenagers have imagined on weekends that no customers attacked the gals .
experiment=NPI-env=determiner_negation_biclausal-npi=in years-crucial_item=some-licensor=0-scope=1-npi_present=1	0		some teenagers have imagined that the customers attacked the gals in years .
experiment=NPI-env=determiner_negation_biclausal-npi=in years-crucial_item=some-licensor=0-scope=1-npi_present=0	1		some teenagers have imagined that the customers attacked the gals on weekends .
experiment=NPI-env=determiner_negation_biclausal-npi=in years-crucial_item=some-licensor=0-scope=0-npi_present=1	0		the teenagers have imagined in years that some customers attacked the gals .
experiment=NPI-env=determiner_negation_biclausal-npi=in years-crucial_item=some-licensor=0-scope=0-npi_present=0	1		the teenagers have imagined on weekends that some customers attacked the gals .
experiment=NPI-env=negation-npi=in years-crucial_item=no-licensor=1-scope=1-npi_present=1	1		no waitress said that the guests muttered in years .
experiment=NPI-env=negation-npi=in years-crucial_item=no-licensor=1-scope=1-npi_present=0	1		no waitress said that the guests muttered on occasion .
experiment=NPI-env=negation-npi=in years-crucial_item=none of the-licensor=1-scope=0-npi_present=1	0		the waitress said in years that no guests muttered .
experiment=NPI-env=negation-npi=in years-crucial_item=none of the-licensor=1-scope=0-npi_present=0	1		the waitress said on occasion that no guests muttered .
experiment=NPI-env=determiner_negation_biclausal-npi=in years-crucial_item=some-licensor=0-scope=1-npi_present=1	0		some waitress said that the guests muttered in years .
experiment=NPI-env=determiner_negation_biclausal-npi=in years-crucial_item=some-licensor=0-scope=1-npi_present=0	1		some waitress said that the guests muttered on occasion .
experiment=NPI-env=determiner_negation_biclausal-npi=in years-crucial_item=some-licensor=0-scope=0-npi_present=1	0		the waitress said in years that some guests muttered .
experiment=NPI-env=determiner_negation_biclausal-npi=in years-crucial_item=some-licensor=0-scope=0-npi_present=0	1		the waitress said on occasion that some guests muttered .
experiment=NPI-env=negation-npi=in years-crucial_item=no-licensor=1-scope=1-npi_present=1	1		no teenager imagined that the gloves shrank in years .
experiment=NPI-env=negation-npi=in years-crucial_item=no-licensor=1-scope=1-npi_present=0	1		no teenager imagined that the gloves shrank regularly .
experiment=NPI-env=negation-npi=in years-crucial_item=no-licensor=1-scope=0-npi_present=1	0		the teenager imagined in years that no gloves shrank .
experiment=NPI-env=negation-npi=in years-crucial_item=no-licensor=1-scope=0-npi_present=0	1		the teenager imagined regularly that no gloves shrank .
experiment=NPI-env=determiner_negation_biclausal-npi=in years-crucial_item=some-licensor=0-scope=1-npi_present=1	0		some teenager imagined that the gloves shrank in years .
experiment=NPI-env=determiner_negation_biclausal-npi=in years-crucial_item=some-licensor=0-scope=1-npi_present=0	1		some teenager imagined that the gloves shrank regularly .
experiment=NPI-env=determiner_negation_biclausal-npi=in years-crucial_item=some-licensor=0-scope=0-npi_present=1	0		the teenager imagined in years that some gloves shrank .
experiment=NPI-env=determiner_negation_biclausal-npi=in years-crucial_item=some-licensor=0-scope=0-npi_present=0	1		the teenager imagined regularly that some gloves shrank .
experiment=NPI-env=negation-npi=in years-crucial_item=no-licensor=1-scope=1-npi_present=1	1		no waiter said that the plays won in years .
experiment=NPI-env=negation-npi=in years-crucial_item=no-licensor=1-scope=1-npi_present=0	1		no waiter said that the plays won on weekends .
experiment=NPI-env=negation-npi=in years-crucial_item=no-licensor=1-scope=0-npi_present=1	0		the waiter said in years that no plays won .
experiment=NPI-env=negation-npi=in years-crucial_item=no-licensor=1-scope=0-npi_present=0	1		the waiter said on weekends that no plays won .
experiment=NPI-env=determiner_negation_biclausal-npi=in years-crucial_item=some-licensor=0-scope=1-npi_present=1	0		some waiter said that the plays won in years .
experiment=NPI-env=determiner_negation_biclausal-npi=in years-crucial_item=some-licensor=0-scope=1-npi_present=0	1		some waiter said that the plays won on weekends .
experiment=NPI-env=determiner_negation_biclausal-npi=in years-crucial_item=some-licensor=0-scope=0-npi_present=1	0		the waiter said in years that some plays won .
experiment=NPI-env=determiner_negation_biclausal-npi=in years-crucial_item=some-licensor=0-scope=0-npi_present=0	1		the waiter said on weekends that some plays won .
experiment=NPI-env=negation-npi=in years-crucial_item=none of the-licensor=1-scope=1-npi_present=1	1		none of the women thought that the actresses met in years .
experiment=NPI-env=negation-npi=in years-crucial_item=none of the-licensor=1-scope=1-npi_present=0	1		none of the women thought that the actresses met on occasion .
experiment=NPI-env=negation-npi=in years-crucial_item=none of the-licensor=1-scope=0-npi_present=1	0		the women thought in years that none of the actresses met .
experiment=NPI-env=negation-npi=in years-crucial_item=none of the-licensor=1-scope=0-npi_present=0	1		the women thought on occasion that none of the actresses met .
experiment=NPI-env=determiner_negation_biclausal-npi=in years-crucial_item=some-licensor=0-scope=1-npi_present=1	0		some women thought that the actresses met in years .
experiment=NPI-env=determiner_negation_biclausal-npi=in years-crucial_item=some-licensor=0-scope=1-npi_present=0	1		some women thought that the actresses met on occasion .
experiment=NPI-env=determiner_negation_biclausal-npi=in years-crucial_item=some-licensor=0-scope=0-npi_present=1	0		the women thought in years that some actresses met .
experiment=NPI-env=determiner_negation_biclausal-npi=in years-crucial_item=some-licensor=0-scope=0-npi_present=0	1		the women thought on occasion that some actresses met .
experiment=NPI-env=negation-npi=either-crucial_item=none of the-licensor=1-scope=1-npi_present=1	1		none of the teachers are saying that the forks resemble the human either .
experiment=NPI-env=negation-npi=either-crucial_item=none of the-licensor=1-scope=1-npi_present=0	1		none of the teachers are saying that the forks resemble the human on occasion .
experiment=NPI-env=negation-npi=either-crucial_item=none of the-licensor=1-scope=0-npi_present=1	0		the teachers are saying either that none of the forks resemble the human .
experiment=NPI-env=negation-npi=either-crucial_item=none of the-licensor=1-scope=0-npi_present=0	1		the teachers are saying on occasion that none of the forks resemble the human .
experiment=NPI-env=determiner_negation_biclausal-npi=either-crucial_item=some-licensor=0-scope=1-npi_present=1	0		some teachers are saying that the forks resemble the human either .
experiment=NPI-env=determiner_negation_biclausal-npi=either-crucial_item=some-licensor=0-scope=1-npi_present=0	1		some teachers are saying that the forks resemble the human on occasion .
experiment=NPI-env=determiner_negation_biclausal-npi=either-crucial_item=some-licensor=0-scope=0-npi_present=1	0		the teachers are saying either that some forks resemble the human .
experiment=NPI-env=determiner_negation_biclausal-npi=either-crucial_item=some-licensor=0-scope=0-npi_present=0	1		the teachers are saying on occasion that some forks resemble the human .
experiment=NPI-env=negation-npi=either-crucial_item=none of the-licensor=1-scope=1-npi_present=1	1		none of the girls think that the stories are praising the reports either .
experiment=NPI-env=negation-npi=either-crucial_item=none of the-licensor=1-scope=1-npi_present=0	1		none of the girls think that the stories are praising the reports on occasion .
experiment=NPI-env=negation-npi=either-crucial_item=no-licensor=1-scope=0-npi_present=1	0		the girls think either that none of the stories are praising the reports .
experiment=NPI-env=negation-npi=either-crucial_item=no-licensor=1-scope=0-npi_present=0	1		the girls think on occasion that none of the stories are praising the reports .
experiment=NPI-env=determiner_negation_biclausal-npi=either-crucial_item=some-licensor=0-scope=1-npi_present=1	0		some girls think that the stories are praising the reports either .
experiment=NPI-env=determiner_negation_biclausal-npi=either-crucial_item=some-licensor=0-scope=1-npi_present=0	1		some girls think that the stories are praising the reports on occasion .
experiment=NPI-env=determiner_negation_biclausal-npi=either-crucial_item=some-licensor=0-scope=0-npi_present=1	0		the girls think either that some stories are praising the reports .
experiment=NPI-env=determiner_negation_biclausal-npi=either-crucial_item=some-licensor=0-scope=0-npi_present=0	1		the girls think on occasion that some stories are praising the reports .
experiment=NPI-env=negation-npi=either-crucial_item=no-licensor=1-scope=1-npi_present=1	1		no woman said that the books won either .
experiment=NPI-env=negation-npi=either-crucial_item=no-licensor=1-scope=1-npi_present=0	1		no woman said that the books won as well .
experiment=NPI-env=negation-npi=either-crucial_item=no-licensor=1-scope=0-npi_present=1	0		the woman said either that no books won .
experiment=NPI-env=negation-npi=either-crucial_item=no-licensor=1-scope=0-npi_present=0	1		the woman said as well that no books won .
experiment=NPI-env=determiner_negation_biclausal-npi=either-crucial_item=some-licensor=0-scope=1-npi_present=1	0		some woman said that the books won either .
experiment=NPI-env=determiner_negation_biclausal-npi=either-crucial_item=some-licensor=0-scope=1-npi_present=0	1		some woman said that the books won as well .
experiment=NPI-env=determiner_negation_biclausal-npi=either-crucial_item=some-licensor=0-scope=0-npi_present=1	0		the woman said either that some books won .
experiment=NPI-env=determiner_negation_biclausal-npi=either-crucial_item=some-licensor=0-scope=0-npi_present=0	1		the woman said as well that some books won .
experiment=NPI-env=negation-npi=either-crucial_item=no-licensor=1-scope=1-npi_present=1	1		no teenager thought that the plates do resemble the book either .
experiment=NPI-env=negation-npi=either-crucial_item=no-licensor=1-scope=1-npi_present=0	1		no teenager thought that the plates do resemble the book as well .
experiment=NPI-env=negation-npi=either-crucial_item=none of the-licensor=1-scope=0-npi_present=1	0		the teenager thought either that no plates do resemble the book .
experiment=NPI-env=negation-npi=either-crucial_item=none of the-licensor=1-scope=0-npi_present=0	1		the teenager thought as well that no plates do resemble the book .
experiment=NPI-env=determiner_negation_biclausal-npi=either-crucial_item=some-licensor=0-scope=1-npi_present=1	0		some teenager thought that the plates do resemble the book either .
experiment=NPI-env=determiner_negation_biclausal-npi=either-crucial_item=some-licensor=0-scope=1-npi_present=0	1		some teenager thought that the plates do resemble the book as well .
experiment=NPI-env=determiner_negation_biclausal-npi=either-crucial_item=some-licensor=0-scope=0-npi_present=1	0		the teenager thought either that some plates do resemble the book .
experiment=NPI-env=determiner_negation_biclausal-npi=either-crucial_item=some-licensor=0-scope=0-npi_present=0	1		the teenager thought as well that some plates do resemble the book .
experiment=NPI-env=negation-npi=either-crucial_item=no-licensor=1-scope=1-npi_present=1	1		no child is explaining that the teachers are bringing the shoes either .
experiment=NPI-env=negation-npi=either-crucial_item=no-licensor=1-scope=1-npi_present=0	1		no child is explaining that the teachers are bringing the shoes on weekends .
experiment=NPI-env=negation-npi=either-crucial_item=none of the-licensor=1-scope=0-npi_present=1	0		the child is explaining either that no teachers are bringing the shoes .
experiment=NPI-env=negation-npi=either-crucial_item=none of the-licensor=1-scope=0-npi_present=0	1		the child is explaining on weekends that no teachers are bringing the shoes .
experiment=NPI-env=determiner_negation_biclausal-npi=either-crucial_item=some-licensor=0-scope=1-npi_present=1	0		some child is explaining that the teachers are bringing the shoes either .
experiment=NPI-env=determiner_negation_biclausal-npi=either-crucial_item=some-licensor=0-scope=1-npi_present=0	1		some child is explaining that the teachers are bringing the shoes on weekends .
experiment=NPI-env=determiner_negation_biclausal-npi=either-crucial_item=some-licensor=0-scope=0-npi_present=1	0		the child is explaining either that some teachers are bringing the shoes .
experiment=NPI-env=determiner_negation_biclausal-npi=either-crucial_item=some-licensor=0-scope=0-npi_present=0	1		the child is explaining on weekends that some teachers are bringing the shoes .
experiment=NPI-env=negation-npi=either-crucial_item=no-licensor=1-scope=1-npi_present=1	1		no man was thinking that the newspaper articles had praised a lady either .
experiment=NPI-env=negation-npi=either-crucial_item=no-licensor=1-scope=1-npi_present=0	1		no man was thinking that the newspaper articles had praised a lady on weekends .
experiment=NPI-env=negation-npi=either-crucial_item=none of the-licensor=1-scope=0-npi_present=1	0		the man was thinking either that no newspaper articles had praised a lady .
experiment=NPI-env=negation-npi=either-crucial_item=none of the-licensor=1-scope=0-npi_present=0	1		the man was thinking on weekends that no newspaper articles had praised a lady .
experiment=NPI-env=determiner_negation_biclausal-npi=either-crucial_item=some-licensor=0-scope=1-npi_present=1	0		some man was thinking that the newspaper articles had praised a lady either .
experiment=NPI-env=determiner_negation_biclausal-npi=either-crucial_item=some-licensor=0-scope=1-npi_present=0	1		some man was thinking that the newspaper articles had praised a lady on weekends .
experiment=NPI-env=determiner_negation_biclausal-npi=either-crucial_item=some-licensor=0-scope=0-npi_present=1	0		the man was thinking either that some newspaper articles had praised a lady .
experiment=NPI-env=determiner_negation_biclausal-npi=either-crucial_item=some-licensor=0-scope=0-npi_present=0	1		the man was thinking on weekends that some newspaper articles had praised a lady .
experiment=NPI-env=negation-npi=either-crucial_item=no-licensor=1-scope=1-npi_present=1	1		no teacher said that the humans do wave either .
experiment=NPI-env=negation-npi=either-crucial_item=no-licensor=1-scope=1-npi_present=0	1		no teacher said that the humans do wave for a while .
experiment=NPI-env=negation-npi=either-crucial_item=no-licensor=1-scope=0-npi_present=1	0		a teacher said either that no humans do wave .
experiment=NPI-env=negation-npi=either-crucial_item=no-licensor=1-scope=0-npi_present=0	1		a teacher said for a while that no humans do wave .
experiment=NPI-env=determiner_negation_biclausal-npi=either-crucial_item=some-licensor=0-scope=1-npi_present=1	0		some teacher said that the humans do wave either .
experiment=NPI-env=determiner_negation_biclausal-npi=either-crucial_item=some-licensor=0-scope=1-npi_present=0	1		some teacher said that the humans do wave for a while .
experiment=NPI-env=determiner_negation_biclausal-npi=either-crucial_item=some-licensor=0-scope=0-npi_present=1	0		a teacher said either that some humans do wave .
experiment=NPI-env=determiner_negation_biclausal-npi=either-crucial_item=some-licensor=0-scope=0-npi_present=0	1		a teacher said for a while that some humans do wave .
experiment=NPI-env=negation-npi=either-crucial_item=no-licensor=1-scope=1-npi_present=1	1		no waiters are explaining that the art galleries resemble the girl either .
experiment=NPI-env=negation-npi=either-crucial_item=no-licensor=1-scope=1-npi_present=0	1		no waiters are explaining that the art galleries resemble the girl regularly .
experiment=NPI-env=negation-npi=either-crucial_item=none of the-licensor=1-scope=0-npi_present=1	0		the waiters are explaining either that no art galleries resemble the girl .
experiment=NPI-env=negation-npi=either-crucial_item=none of the-licensor=1-scope=0-npi_present=0	1		the waiters are explaining regularly that no art galleries resemble the girl .
experiment=NPI-env=determiner_negation_biclausal-npi=either-crucial_item=some-licensor=0-scope=1-npi_present=1	0		some waiters are explaining that the art galleries resemble the girl either .
experiment=NPI-env=determiner_negation_biclausal-npi=either-crucial_item=some-licensor=0-scope=1-npi_present=0	1		some waiters are explaining that the art galleries resemble the girl regularly .
experiment=NPI-env=determiner_negation_biclausal-npi=either-crucial_item=some-licensor=0-scope=0-npi_present=1	0		the waiters are explaining either that some art galleries resemble the girl .
experiment=NPI-env=determiner_negation_biclausal-npi=either-crucial_item=some-licensor=0-scope=0-npi_present=0	1		the waiters are explaining regularly that some art galleries resemble the girl .
experiment=NPI-env=negation-npi=either-crucial_item=no-licensor=1-scope=1-npi_present=1	1		no humans say that the cafes can resemble the glass either .
experiment=NPI-env=negation-npi=either-crucial_item=no-licensor=1-scope=1-npi_present=0	1		no humans say that the cafes can resemble the glass on weekends .
experiment=NPI-env=negation-npi=either-crucial_item=no-licensor=1-scope=0-npi_present=1	0		the humans say either that no cafes can resemble the glass .
experiment=NPI-env=negation-npi=either-crucial_item=no-licensor=1-scope=0-npi_present=0	1		the humans say on weekends that no cafes can resemble the glass .
experiment=NPI-env=determiner_negation_biclausal-npi=either-crucial_item=some-licensor=0-scope=1-npi_present=1	0		some humans say that the cafes can resemble the glass either .
experiment=NPI-env=determiner_negation_biclausal-npi=either-crucial_item=some-licensor=0-scope=1-npi_present=0	1		some humans say that the cafes can resemble the glass on weekends .
experiment=NPI-env=determiner_negation_biclausal-npi=either-crucial_item=some-licensor=0-scope=0-npi_present=1	0		the humans say either that some cafes can resemble the glass .
experiment=NPI-env=determiner_negation_biclausal-npi=either-crucial_item=some-licensor=0-scope=0-npi_present=0	1		the humans say on weekends that some cafes can resemble the glass .
experiment=NPI-env=negation-npi=either-crucial_item=no-licensor=1-scope=1-npi_present=1	1		no guests were thinking that the waiters were scanning the commentaries either .
experiment=NPI-env=negation-npi=either-crucial_item=no-licensor=1-scope=1-npi_present=0	1		no guests were thinking that the waiters were scanning the commentaries for a while .
experiment=NPI-env=negation-npi=either-crucial_item=no-licensor=1-scope=0-npi_present=1	0		the guests were thinking either that no waiters were scanning the commentaries .
experiment=NPI-env=negation-npi=either-crucial_item=no-licensor=1-scope=0-npi_present=0	1		the guests were thinking for a while that no waiters were scanning the commentaries .
experiment=NPI-env=determiner_negation_biclausal-npi=either-crucial_item=some-licensor=0-scope=1-npi_present=1	0		some guests were thinking that the waiters were scanning the commentaries either .
experiment=NPI-env=determiner_negation_biclausal-npi=either-crucial_item=some-licensor=0-scope=1-npi_present=0	1		some guests were thinking that the waiters were scanning the commentaries for a while .
experiment=NPI-env=determiner_negation_biclausal-npi=either-crucial_item=some-licensor=0-scope=0-npi_present=1	0		the guests were thinking either that some waiters were scanning the commentaries .
experiment=NPI-env=determiner_negation_biclausal-npi=either-crucial_item=some-licensor=0-scope=0-npi_present=0	1		the guests were thinking for a while that some waiters were scanning the commentaries .
experiment=NPI-env=determiner_negation_biclausal-npi=any-crucial_item=none of the-licensor=1-scope=1-npi_present=1	1		none of the teachers were saying that any women can drive to the cafe .
experiment=NPI-env=determiner_negation_biclausal-npi=any-crucial_item=none of the-licensor=1-scope=1-npi_present=0	1		none of the teachers were saying that those women can drive to the cafe .
experiment=NPI-env=determiner_negation_biclausal-npi=any-crucial_item=none of the-licensor=1-scope=0-npi_present=1	0		any teachers were saying that none of the women can drive to the cafe .
experiment=NPI-env=determiner_negation_biclausal-npi=any-crucial_item=none of the-licensor=1-scope=0-npi_present=0	1		those teachers were saying that none of the women can drive to the cafe .
experiment=NPI-env=determiner_negation_biclausal-npi=any-crucial_item=some-licensor=0-scope=1-npi_present=1	0		some teachers were saying that any women can drive to the cafe .
experiment=NPI-env=determiner_negation_biclausal-npi=any-crucial_item=some-licensor=0-scope=1-npi_present=0	1		some teachers were saying that those women can drive to the cafe .
experiment=NPI-env=determiner_negation_biclausal-npi=any-crucial_item=some-licensor=0-scope=0-npi_present=1	0		any teachers were saying that some women can drive to the cafe .
experiment=NPI-env=determiner_negation_biclausal-npi=any-crucial_item=some-licensor=0-scope=0-npi_present=0	1		those teachers were saying that some women can drive to the cafe .
experiment=NPI-env=determiner_negation_biclausal-npi=any-crucial_item=none of the-licensor=1-scope=1-npi_present=1	1		none of the women imagined that any glasses had shrunk .
experiment=NPI-env=determiner_negation_biclausal-npi=any-crucial_item=none of the-licensor=1-scope=1-npi_present=0	1		none of the women imagined that these glasses had shrunk .
experiment=NPI-env=determiner_negation_biclausal-npi=any-crucial_item=no-licensor=1-scope=0-npi_present=1	0		any women imagined that none of the glasses had shrunk .
experiment=NPI-env=determiner_negation_biclausal-npi=any-crucial_item=no-licensor=1-scope=0-npi_present=0	1		the women imagined that none of the glasses had shrunk .
experiment=NPI-env=determiner_negation_biclausal-npi=any-crucial_item=some-licensor=0-scope=1-npi_present=1	0		some women imagined that any glasses had shrunk .
experiment=NPI-env=determiner_negation_biclausal-npi=any-crucial_item=some-licensor=0-scope=1-npi_present=0	1		some women imagined that these glasses had shrunk .
experiment=NPI-env=determiner_negation_biclausal-npi=any-crucial_item=some-licensor=0-scope=0-npi_present=1	0		any women imagined that some glasses had shrunk .
experiment=NPI-env=determiner_negation_biclausal-npi=any-crucial_item=some-licensor=0-scope=0-npi_present=0	1		the women imagined that some glasses had shrunk .
experiment=NPI-env=determiner_negation_biclausal-npi=any-crucial_item=none of the-licensor=1-scope=1-npi_present=1	1		none of the actresses think that any waiters read .
experiment=NPI-env=determiner_negation_biclausal-npi=any-crucial_item=none of the-licensor=1-scope=1-npi_present=0	1		none of the actresses think that these waiters read .
experiment=NPI-env=determiner_negation_biclausal-npi=any-crucial_item=none of the-licensor=1-scope=0-npi_present=1	0		any actresses think that none of the waiters read .
experiment=NPI-env=determiner_negation_biclausal-npi=any-crucial_item=none of the-licensor=1-scope=0-npi_present=0	1		the actresses think that none of the waiters read .
experiment=NPI-env=determiner_negation_biclausal-npi=any-crucial_item=some-licensor=0-scope=1-npi_present=1	0		some actresses think that any waiters read .
experiment=NPI-env=determiner_negation_biclausal-npi=any-crucial_item=some-licensor=0-scope=1-npi_present=0	1		some actresses think that these waiters read .
experiment=NPI-env=determiner_negation_biclausal-npi=any-crucial_item=some-licensor=0-scope=0-npi_present=1	0		any actresses think that some waiters read .
experiment=NPI-env=determiner_negation_biclausal-npi=any-crucial_item=some-licensor=0-scope=0-npi_present=0	1		the actresses think that some waiters read .
experiment=NPI-env=determiner_negation_biclausal-npi=any-crucial_item=none of the-licensor=1-scope=1-npi_present=1	1		none of the patients had said that any adults would argue .
experiment=NPI-env=determiner_negation_biclausal-npi=any-crucial_item=none of the-licensor=1-scope=1-npi_present=0	1		none of the patients had said that those adults would argue .
experiment=NPI-env=determiner_negation_biclausal-npi=any-crucial_item=no-licensor=1-scope=0-npi_present=1	0		any patients had said that none of the adults would argue .
experiment=NPI-env=determiner_negation_biclausal-npi=any-crucial_item=no-licensor=1-scope=0-npi_present=0	1		the patients had said that none of the adults would argue .
experiment=NPI-env=determiner_negation_biclausal-npi=any-crucial_item=some-licensor=0-scope=1-npi_present=1	0		some patients had said that any adults would argue .
experiment=NPI-env=determiner_negation_biclausal-npi=any-crucial_item=some-licensor=0-scope=1-npi_present=0	1		some patients had said that those adults would argue .
experiment=NPI-env=determiner_negation_biclausal-npi=any-crucial_item=some-licensor=0-scope=0-npi_present=1	0		any patients had said that some adults would argue .
experiment=NPI-env=determiner_negation_biclausal-npi=any-crucial_item=some-licensor=0-scope=0-npi_present=0	1		the patients had said that some adults would argue .
experiment=NPI-env=determiner_negation_biclausal-npi=any-crucial_item=no-licensor=1-scope=1-npi_present=1	1		no teachers imagine that any waitresses leave the guests .
experiment=NPI-env=determiner_negation_biclausal-npi=any-crucial_item=no-licensor=1-scope=1-npi_present=0	1		no teachers imagine that those waitresses leave the guests .
experiment=NPI-env=determiner_negation_biclausal-npi=any-crucial_item=no-licensor=1-scope=0-npi_present=1	0		any teachers imagine that no waitresses leave the guests .
experiment=NPI-env=determiner_negation_biclausal-npi=any-crucial_item=no-licensor=1-scope=0-npi_present=0	1		these teachers imagine that no waitresses leave the guests .
experiment=NPI-env=determiner_negation_biclausal-npi=any-crucial_item=some-licensor=0-scope=1-npi_present=1	0		some teachers imagine that any waitresses leave the guests .
experiment=NPI-env=determiner_negation_biclausal-npi=any-crucial_item=some-licensor=0-scope=1-npi_present=0	1		some teachers imagine that those waitresses leave the guests .
experiment=NPI-env=determiner_negation_biclausal-npi=any-crucial_item=some-licensor=0-scope=0-npi_present=1	0		any teachers imagine that some waitresses leave the guests .
experiment=NPI-env=determiner_negation_biclausal-npi=any-crucial_item=some-licensor=0-scope=0-npi_present=0	1		these teachers imagine that some waitresses leave the guests .
experiment=NPI-env=determiner_negation_biclausal-npi=any-crucial_item=none of the-licensor=1-scope=1-npi_present=1	1		none of the cashiers explained that any high schools resemble an report .
experiment=NPI-env=determiner_negation_biclausal-npi=any-crucial_item=none of the-licensor=1-scope=1-npi_present=0	1		none of the cashiers explained that these high schools resemble an report .
experiment=NPI-env=determiner_negation_biclausal-npi=any-crucial_item=no-licensor=1-scope=0-npi_present=1	0		any cashiers explained that none of the high schools resemble an report .
experiment=NPI-env=determiner_negation_biclausal-npi=any-crucial_item=no-licensor=1-scope=0-npi_present=0	1		those cashiers explained that none of the high schools resemble an report .
experiment=NPI-env=determiner_negation_biclausal-npi=any-crucial_item=some-licensor=0-scope=1-npi_present=1	0		some cashiers explained that any high schools resemble an report .
experiment=NPI-env=determiner_negation_biclausal-npi=any-crucial_item=some-licensor=0-scope=1-npi_present=0	1		some cashiers explained that these high schools resemble an report .
experiment=NPI-env=determiner_negation_biclausal-npi=any-crucial_item=some-licensor=0-scope=0-npi_present=1	0		any cashiers explained that some high schools resemble an report .
experiment=NPI-env=determiner_negation_biclausal-npi=any-crucial_item=some-licensor=0-scope=0-npi_present=0	1		those cashiers explained that some high schools resemble an report .
experiment=NPI-env=determiner_negation_biclausal-npi=any-crucial_item=no-licensor=1-scope=1-npi_present=1	1		no students imagine that any hospitals resemble the glasses .
experiment=NPI-env=determiner_negation_biclausal-npi=any-crucial_item=no-licensor=1-scope=1-npi_present=0	1		no students imagine that these hospitals resemble the glasses .
experiment=NPI-env=determiner_negation_biclausal-npi=any-crucial_item=no-licensor=1-scope=0-npi_present=1	0		any students imagine that no hospitals resemble the glasses .
experiment=NPI-env=determiner_negation_biclausal-npi=any-crucial_item=no-licensor=1-scope=0-npi_present=0	1		these students imagine that no hospitals resemble the glasses .
experiment=NPI-env=determiner_negation_biclausal-npi=any-crucial_item=some-licensor=0-scope=1-npi_present=1	0		some students imagine that any hospitals resemble the glasses .
experiment=NPI-env=determiner_negation_biclausal-npi=any-crucial_item=some-licensor=0-scope=1-npi_present=0	1		some students imagine that these hospitals resemble the glasses .
experiment=NPI-env=determiner_negation_biclausal-npi=any-crucial_item=some-licensor=0-scope=0-npi_present=1	0		any students imagine that some hospitals resemble the glasses .
experiment=NPI-env=determiner_negation_biclausal-npi=any-crucial_item=some-licensor=0-scope=0-npi_present=0	1		these students imagine that some hospitals resemble the glasses .
experiment=NPI-env=determiner_negation_biclausal-npi=any-crucial_item=none of the-licensor=1-scope=1-npi_present=1	1		none of the patients were imagining that any plays had won .
experiment=NPI-env=determiner_negation_biclausal-npi=any-crucial_item=none of the-licensor=1-scope=1-npi_present=0	1		none of the patients were imagining that these plays had won .
experiment=NPI-env=determiner_negation_biclausal-npi=any-crucial_item=none of the-licensor=1-scope=0-npi_present=1	0		any patients were imagining that none of the plays had won .
experiment=NPI-env=determiner_negation_biclausal-npi=any-crucial_item=none of the-licensor=1-scope=0-npi_present=0	1		these patients were imagining that none of the plays had won .
experiment=NPI-env=determiner_negation_biclausal-npi=any-crucial_item=some-licensor=0-scope=1-npi_present=1	0		some patients were imagining that any plays had won .
experiment=NPI-env=determiner_negation_biclausal-npi=any-crucial_item=some-licensor=0-scope=1-npi_present=0	1		some patients were imagining that these plays had won .
experiment=NPI-env=determiner_negation_biclausal-npi=any-crucial_item=some-licensor=0-scope=0-npi_present=1	0		any patients were imagining that some plays had won .
experiment=NPI-env=determiner_negation_biclausal-npi=any-crucial_item=some-licensor=0-scope=0-npi_present=0	1		these patients were imagining that some plays had won .
experiment=NPI-env=determiner_negation_biclausal-npi=any-crucial_item=no-licensor=1-scope=1-npi_present=1	1		no doctors have explained that any pedestrians visit a human .
experiment=NPI-env=determiner_negation_biclausal-npi=any-crucial_item=no-licensor=1-scope=1-npi_present=0	1		no doctors have explained that these pedestrians visit a human .
experiment=NPI-env=determiner_negation_biclausal-npi=any-crucial_item=none of the-licensor=1-scope=0-npi_present=1	0		any doctors have explained that no pedestrians visit a human .
experiment=NPI-env=determiner_negation_biclausal-npi=any-crucial_item=none of the-licensor=1-scope=0-npi_present=0	1		the doctors have explained that no pedestrians visit a human .
experiment=NPI-env=determiner_negation_biclausal-npi=any-crucial_item=some-licensor=0-scope=1-npi_present=1	0		some doctors have explained that any pedestrians visit a human .
experiment=NPI-env=determiner_negation_biclausal-npi=any-crucial_item=some-licensor=0-scope=1-npi_present=0	1		some doctors have explained that these pedestrians visit a human .
experiment=NPI-env=determiner_negation_biclausal-npi=any-crucial_item=some-licensor=0-scope=0-npi_present=1	0		any doctors have explained that some pedestrians visit a human .
experiment=NPI-env=determiner_negation_biclausal-npi=any-crucial_item=some-licensor=0-scope=0-npi_present=0	1		the doctors have explained that some pedestrians visit a human .
experiment=NPI-env=determiner_negation_biclausal-npi=any-crucial_item=no-licensor=1-scope=1-npi_present=1	1		no teachers are explaining that any waitresses are fleeing from the students .
experiment=NPI-env=determiner_negation_biclausal-npi=any-crucial_item=no-licensor=1-scope=1-npi_present=0	1		no teachers are explaining that these waitresses are fleeing from the students .
experiment=NPI-env=determiner_negation_biclausal-npi=any-crucial_item=none of the-licensor=1-scope=0-npi_present=1	0		any teachers are explaining that no waitresses are fleeing from the students .
experiment=NPI-env=determiner_negation_biclausal-npi=any-crucial_item=none of the-licensor=1-scope=0-npi_present=0	1		those teachers are explaining that no waitresses are fleeing from the students .
experiment=NPI-env=determiner_negation_biclausal-npi=any-crucial_item=some-licensor=0-scope=1-npi_present=1	0		some teachers are explaining that any waitresses are fleeing from the students .
experiment=NPI-env=determiner_negation_biclausal-npi=any-crucial_item=some-licensor=0-scope=1-npi_present=0	1		some teachers are explaining that these waitresses are fleeing from the students .
experiment=NPI-env=determiner_negation_biclausal-npi=any-crucial_item=some-licensor=0-scope=0-npi_present=1	0		any teachers are explaining that some waitresses are fleeing from the students .
experiment=NPI-env=determiner_negation_biclausal-npi=any-crucial_item=some-licensor=0-scope=0-npi_present=0	1		those teachers are explaining that some waitresses are fleeing from the students .
